SYMBOL,SERIES,DATE1,PREV_CLOSE,OPEN_PRICE,HIGH_PRICE,LOW_PRICE,LAST_PRICE,CLOSE_PRICE,AVG_PRICE,TTL_TRD_QNTY,TURNOVER_LACS,NO_OF_TRADES,DELIV_QTY,DELIV_PER
601GS2028," GS"," 20-Apr-2021"," 70.00"," 66.55"," 66.55"," 66.55"," 66.55"," 66.55"," 66.55"," 1"," 0.00"," 1"," 1"," 100.00"
716GS2050," GS"," 20-Apr-2021"," 111.00"," 111.00"," 116.45"," 111.00"," 116.45"," 116.45"," 111.06"," 91"," 0.10"," 5"," 91"," 100.00"
763GS2059," GS"," 20-Apr-2021"," 115.00"," 115.00"," 115.00"," 115.00"," 115.00"," 115.00"," 115.00"," 1549"," 1.78"," 1"," 1549"," 100.00"
772GS2049," GS"," 20-Apr-2021"," 117.00"," 120.00"," 120.00"," 120.00"," 120.00"," 120.00"," 120.00"," 6"," 0.01"," 1"," 6"," 100.00"
AAKASH," BE"," 20-Apr-2021"," 134.20"," 131.70"," 135.00"," 131.70"," 133.00"," 133.00"," 132.99"," 9050"," 12.04"," 76"," -"," -"
ABFRLPP1," E1"," 20-Apr-2021"," 134.30"," 136.95"," 149.00"," 136.85"," 140.00"," 139.65"," 139.60"," 7047"," 9.84"," 298"," 3740"," 53.07"
ABINFRA," SM"," 20-Apr-2021"," 6.20"," 5.90"," 6.15"," 5.90"," 6.15"," 6.15"," 6.03"," 8000"," 0.48"," 2"," 4000"," 50.00"
ABSLRIF6RG," MF"," 20-Apr-2021"," 8.75"," 8.01"," 8.25"," 8.01"," 8.25"," 8.13"," 8.12"," 17550"," 1.42"," 7"," 17550"," 100.00"
ACCORD," SM"," 20-Apr-2021"," 17.10"," 17.25"," 17.25"," 17.25"," 17.25"," 17.25"," 17.25"," 10000"," 1.73"," 1"," 10000"," 100.00"
ADL," BE"," 20-Apr-2021"," 30.10"," 28.65"," 31.30"," 28.65"," 29.00"," 30.65"," 29.57"," 899"," 0.27"," 17"," -"," -"
ADROITINFO," BE"," 20-Apr-2021"," 8.50"," 8.90"," 8.90"," 8.50"," 8.50"," 8.50"," 8.73"," 5303"," 0.46"," 13"," -"," -"
AGARIND," BE"," 20-Apr-2021"," 151.05"," 151.10"," 154.90"," 151.10"," 154.00"," 154.00"," 153.06"," 4577"," 7.01"," 47"," -"," -"
AIROLAM," SM"," 20-Apr-2021"," 25.00"," 24.00"," 24.00"," 23.35"," 23.35"," 23.35"," 23.68"," 6000"," 1.42"," 2"," 6000"," 100.00"
AISL," SM"," 20-Apr-2021"," 39.45"," 38.00"," 39.95"," 38.00"," 39.10"," 39.10"," 39.30"," 25200"," 9.90"," 16"," 2400"," 9.52"
AJOONI," SM"," 20-Apr-2021"," 32.50"," 33.85"," 33.85"," 31.00"," 31.35"," 31.10"," 31.31"," 57772"," 18.09"," 6"," 39996"," 69.23"
ALPSINDUS," BE"," 20-Apr-2021"," 1.55"," 1.55"," 1.55"," 1.50"," 1.50"," 1.50"," 1.52"," 6336"," 0.10"," 21"," -"," -"
AMDIND," BE"," 20-Apr-2021"," 17.30"," 17.95"," 17.95"," 17.00"," 17.50"," 17.50"," 17.59"," 4969"," 0.87"," 21"," -"," -"
ARCHIDPLY," BE"," 20-Apr-2021"," 29.50"," 29.55"," 29.55"," 29.00"," 29.50"," 29.45"," 29.34"," 10054"," 2.95"," 44"," -"," -"
ARROWGREEN," BE"," 20-Apr-2021"," 69.70"," 69.00"," 69.00"," 66.25"," 66.25"," 66.70"," 67.08"," 5136"," 3.44"," 76"," -"," -"
ARSHIYA," BE"," 20-Apr-2021"," 27.00"," 26.20"," 27.50"," 26.10"," 26.95"," 26.45"," 26.60"," 11884"," 3.16"," 97"," -"," -"
ARVEE," BE"," 20-Apr-2021"," 94.50"," 99.20"," 99.20"," 99.20"," 99.20"," 99.20"," 99.20"," 3320"," 3.29"," 41"," -"," -"
ASAL," BE"," 20-Apr-2021"," 31.65"," 30.65"," 32.15"," 30.65"," 32.15"," 32.15"," 31.63"," 505"," 0.16"," 4"," -"," -"
ASLIND," SM"," 20-Apr-2021"," 16.00"," 16.80"," 16.80"," 16.80"," 16.80"," 16.80"," 16.80"," 4000"," 0.67"," 1"," 4000"," 100.00"
AVG," SM"," 20-Apr-2021"," 46.50"," 46.50"," 46.50"," 46.50"," 46.50"," 46.50"," 46.50"," 1200"," 0.56"," 1"," 1200"," 100.00"
BAFNAPH," BE"," 20-Apr-2021"," 132.10"," 129.50"," 132.70"," 126.00"," 128.10"," 128.85"," 129.67"," 10017"," 12.99"," 197"," -"," -"
BALKRISHNA," BE"," 20-Apr-2021"," 20.35"," 19.50"," 20.35"," 19.35"," 20.35"," 20.35"," 19.82"," 1711"," 0.34"," 14"," -"," -"
BALLARPUR," BZ"," 20-Apr-2021"," 1.10"," 1.10"," 1.10"," 1.05"," 1.10"," 1.05"," 1.06"," 647962"," 6.87"," 141"," -"," -"
BARTRONICS," BZ"," 20-Apr-2021"," 2.30"," 2.20"," 2.30"," 2.20"," 2.25"," 2.25"," 2.27"," 4819"," 0.11"," 16"," -"," -"
BBTCL," SM"," 20-Apr-2021"," 78.00"," 75.00"," 75.00"," 74.10"," 74.10"," 74.10"," 74.55"," 6000"," 4.47"," 2"," 6000"," 100.00"
BCONCEPTS," SM"," 20-Apr-2021"," 24.15"," 25.35"," 25.35"," 25.35"," 25.35"," 25.35"," 25.35"," 9000"," 2.28"," 2"," 9000"," 100.00"
BETA," SM"," 20-Apr-2021"," 144.75"," 151.75"," 151.95"," 151.75"," 151.95"," 151.95"," 151.79"," 8000"," 12.14"," 10"," 7200"," 90.00"
BHAGYANGR," BE"," 20-Apr-2021"," 49.45"," 48.50"," 51.80"," 48.00"," 48.15"," 48.50"," 49.12"," 16808"," 8.26"," 156"," -"," -"
BHANDARI," BE"," 20-Apr-2021"," 2.15"," 2.15"," 2.20"," 2.05"," 2.15"," 2.15"," 2.10"," 118076"," 2.48"," 96"," -"," -"
BHARATWIRE," BE"," 20-Apr-2021"," 40.70"," 40.50"," 41.20"," 38.70"," 41.15"," 40.40"," 39.30"," 52040"," 20.45"," 156"," -"," -"
BIOFILCHEM," BE"," 20-Apr-2021"," 63.15"," 63.60"," 65.00"," 62.50"," 64.40"," 64.40"," 64.35"," 42224"," 27.17"," 487"," -"," -"
BIRET," RR"," 20-Apr-2021"," 236.64"," 238.10"," 242.45"," 237.01"," 240.00"," 238.42"," 240.41"," 103000"," 247.62"," 359"," 78600"," 76.31"
BLBLIMITED," BE"," 20-Apr-2021"," 5.60"," 5.35"," 5.85"," 5.35"," 5.85"," 5.85"," 5.51"," 3136"," 0.17"," 12"," -"," -"
BLKASHYAP," BE"," 20-Apr-2021"," 14.90"," 14.70"," 14.70"," 14.20"," 14.20"," 14.20"," 14.26"," 110185"," 15.71"," 146"," -"," -"
BOHRA," SM"," 20-Apr-2021"," 2.30"," 2.40"," 2.40"," 2.40"," 2.40"," 2.40"," 2.40"," 2000"," 0.05"," 1"," 2000"," 100.00"
BRIGHT," SM"," 20-Apr-2021"," 10.50"," 10.00"," 10.20"," 9.75"," 10.20"," 10.00"," 9.95"," 12000"," 1.19"," 4"," 6000"," 50.00"
BRITANNIA," N2"," 20-Apr-2021"," 32.45"," 32.99"," 32.99"," 32.26"," 32.38"," 32.42"," 32.50"," 2198"," 0.71"," 53"," 1950"," 88.72"
BSHSL," BE"," 20-Apr-2021"," 133.30"," 133.30"," 136.00"," 132.10"," 136.00"," 136.00"," 133.84"," 2250"," 3.01"," 56"," -"," -"
BURNPUR," BE"," 20-Apr-2021"," 2.20"," 2.20"," 2.25"," 2.10"," 2.25"," 2.25"," 2.19"," 47716"," 1.04"," 63"," -"," -"
BVCL," BE"," 20-Apr-2021"," 16.20"," 15.75"," 16.40"," 15.75"," 16.35"," 16.35"," 16.27"," 3206"," 0.52"," 18"," -"," -"
CANDC," BZ"," 20-Apr-2021"," 4.75"," 4.70"," 4.70"," 4.55"," 4.55"," 4.55"," 4.55"," 1318"," 0.06"," 9"," -"," -"
CAPTRUST," BE"," 20-Apr-2021"," 71.25"," 74.00"," 74.80"," 72.00"," 74.80"," 74.80"," 73.79"," 3905"," 2.88"," 88"," -"," -"
CASTEXTECH," BE"," 20-Apr-2021"," 0.60"," 0.65"," 0.65"," 0.60"," 0.65"," 0.65"," 0.65"," 352221"," 2.28"," 207"," -"," -"
CEBBCO," BE"," 20-Apr-2021"," 16.35"," 16.10"," 17.00"," 16.10"," 16.65"," 16.70"," 16.75"," 20393"," 3.42"," 106"," -"," -"
CELEBRITY," BE"," 20-Apr-2021"," 5.15"," 5.30"," 5.30"," 5.10"," 5.30"," 5.30"," 5.23"," 13763"," 0.72"," 48"," -"," -"
CMICABLES," BE"," 20-Apr-2021"," 43.00"," 42.55"," 43.00"," 42.55"," 42.70"," 42.70"," 42.70"," 15829"," 6.76"," 4698"," -"," -"
CMMIPL," SM"," 20-Apr-2021"," 7.00"," 7.10"," 7.35"," 7.10"," 7.35"," 7.35"," 7.30"," 15000"," 1.10"," 5"," 15000"," 100.00"
CONTI," SM"," 20-Apr-2021"," 5.95"," 5.70"," 5.70"," 5.70"," 5.70"," 5.70"," 5.70"," 3333"," 0.19"," 1"," 3333"," 100.00"
COUNCODOS," BE"," 20-Apr-2021"," 2.05"," 1.95"," 2.15"," 1.95"," 2.10"," 2.05"," 1.98"," 134724"," 2.67"," 237"," -"," -"
COX&KINGS," BZ"," 20-Apr-2021"," 1.15"," 1.10"," 1.15"," 1.10"," 1.10"," 1.10"," 1.13"," 234460"," 2.64"," 149"," -"," -"
CYBERMEDIA," BE"," 20-Apr-2021"," 13.65"," 13.00"," 13.00"," 13.00"," 13.00"," 13.00"," 13.00"," 2325"," 0.30"," 16"," -"," -"
DALALSTCOM," BE"," 20-Apr-2021"," 0.95"," 0.90"," 1.00"," 0.90"," 0.90"," 0.90"," 0.90"," 59997"," 0.54"," 96"," -"," -"
DBREALTY," BE"," 20-Apr-2021"," 19.50"," 18.60"," 19.95"," 18.55"," 18.75"," 18.55"," 18.67"," 401010"," 74.89"," 860"," -"," -"
DCMFINSERV," BE"," 20-Apr-2021"," 1.60"," 1.60"," 1.65"," 1.60"," 1.65"," 1.65"," 1.63"," 5716"," 0.09"," 27"," -"," -"
DCMNVL," BE"," 20-Apr-2021"," 81.00"," 82.50"," 82.50"," 79.00"," 79.00"," 79.40"," 80.61"," 14572"," 11.75"," 45"," -"," -"
DHANILOANS," N1"," 20-Apr-2021"," 997.40"," 1006.25"," 1006.75"," 1000.11"," 1006.75"," 1006.75"," 1002.16"," 67"," 0.67"," 6"," 67"," 100.00"
DHANILOANS," N2"," 20-Apr-2021"," 1229.99"," 1239.35"," 1239.35"," 1239.35"," 1239.35"," 1239.35"," 1239.35"," 40"," 0.50"," 6"," 40"," 100.00"
DHANILOANS," N3"," 20-Apr-2021"," 985.99"," 989.00"," 989.00"," 980.00"," 980.00"," 980.00"," 982.96"," 152"," 1.49"," 3"," 152"," 100.00"
DHANILOANS," N6"," 20-Apr-2021"," 990.00"," 995.00"," 995.00"," 994.00"," 994.00"," 994.00"," 994.50"," 200"," 1.99"," 2"," 200"," 100.00"
DHANILOANS," N7"," 20-Apr-2021"," 990.00"," 951.00"," 951.00"," 951.00"," 951.00"," 951.00"," 951.00"," 225"," 2.14"," 9"," 225"," 100.00"
DHANILOANS," N8"," 20-Apr-2021"," 1100.10"," 1101.10"," 1101.10"," 1101.10"," 1101.10"," 1101.10"," 1101.10"," 20"," 0.22"," 2"," 20"," 100.00"
DHANILOANS," NF"," 20-Apr-2021"," 951.00"," 950.01"," 951.00"," 950.01"," 950.01"," 950.01"," 950.05"," 171"," 1.62"," 6"," 171"," 100.00"
DHANIPP," E1"," 20-Apr-2021"," 91.90"," 87.35"," 94.00"," 87.35"," 87.35"," 87.35"," 89.07"," 206536"," 183.95"," 1188"," 143902"," 69.67"
DHFL," N4"," 20-Apr-2021"," 345.00"," 340.80"," 340.80"," 340.80"," 340.80"," 340.80"," 340.80"," 25"," 0.09"," 1"," 25"," 100.00"
DHFL," N6"," 20-Apr-2021"," 320.11"," 307.01"," 307.01"," 307.00"," 307.00"," 307.00"," 307.01"," 100"," 0.31"," 2"," 100"," 100.00"
DHFL," NP"," 20-Apr-2021"," 346.20"," 354.50"," 354.50"," 349.98"," 350.00"," 350.00"," 351.25"," 1404"," 4.93"," 16"," 1255"," 89.39"
DHFL," NQ"," 20-Apr-2021"," 335.00"," 335.00"," 335.00"," 335.00"," 335.00"," 335.00"," 335.00"," 10"," 0.03"," 1"," 10"," 100.00"
DIAPOWER," BZ"," 20-Apr-2021"," 0.75"," 0.75"," 0.75"," 0.70"," 0.70"," 0.70"," 0.70"," 86029"," 0.60"," 40"," -"," -"
DIGISPICE," BE"," 20-Apr-2021"," 35.15"," 33.40"," 36.80"," 33.40"," 34.30"," 33.60"," 34.17"," 170788"," 58.36"," 846"," -"," -"
DRCSYSTEMS," BE"," 20-Apr-2021"," 274.55"," 260.85"," 260.85"," 260.85"," 260.85"," 260.85"," 260.85"," 510"," 1.33"," 29"," -"," -"
E2E," SM"," 20-Apr-2021"," 39.00"," 39.00"," 39.00"," 37.50"," 37.50"," 37.50"," 38.25"," 4000"," 1.53"," 2"," 4000"," 100.00"
EASTSILK," BE"," 20-Apr-2021"," 2.10"," 2.20"," 2.20"," 2.20"," 2.20"," 2.20"," 2.20"," 6161"," 0.14"," 9"," -"," -"
EASUNREYRL," BZ"," 20-Apr-2021"," 2.20"," 2.20"," 2.30"," 2.15"," 2.20"," 2.20"," 2.19"," 51111"," 1.12"," 52"," -"," -"
EC2RG," MF"," 20-Apr-2021"," 8.10"," 7.32"," 7.32"," 7.32"," 7.32"," 7.32"," 7.32"," 2500"," 0.18"," 1"," 2500"," 100.00"
ECLFINANCE," NE"," 20-Apr-2021"," 1255.00"," 1255.00"," 1255.00"," 1250.00"," 1250.00"," 1250.00"," 1250.21"," 540"," 6.75"," 18"," 500"," 92.59"
ECLFINANCE," NG"," 20-Apr-2021"," 941.65"," 957.75"," 957.75"," 950.00"," 950.00"," 950.00"," 955.17"," 30"," 0.29"," 2"," 30"," 100.00"
ECLFINANCE," NH"," 20-Apr-2021"," 1170.00"," 1196.00"," 1196.00"," 1196.00"," 1196.00"," 1196.00"," 1196.00"," 105"," 1.26"," 3"," 105"," 100.00"
ECLFINANCE," NJ"," 20-Apr-2021"," 924.00"," 927.80"," 936.00"," 923.00"," 930.00"," 930.00"," 931.02"," 593"," 5.52"," 15"," 531"," 89.54"
ECLFINANCE," NK"," 20-Apr-2021"," 944.00"," 903.00"," 945.00"," 903.00"," 945.00"," 945.00"," 941.75"," 542"," 5.10"," 41"," 542"," 100.00"
ECLFINANCE," NM"," 20-Apr-2021"," 1012.00"," 1014.80"," 1014.80"," 1007.00"," 1007.00"," 1007.00"," 1007.79"," 29"," 0.29"," 5"," 29"," 100.00"
ECLFINANCE," NN"," 20-Apr-2021"," 1205.00"," 1210.00"," 1210.00"," 1210.00"," 1210.00"," 1210.00"," 1210.00"," 500"," 6.05"," 22"," 500"," 100.00"
ECLFINANCE," NO"," 20-Apr-2021"," 972.00"," 970.00"," 983.00"," 970.00"," 983.00"," 983.00"," 971.96"," 339"," 3.29"," 8"," 339"," 100.00"
ECLFINANCE," NP"," 20-Apr-2021"," 997.90"," 951.64"," 951.64"," 951.64"," 951.64"," 951.64"," 951.64"," 50"," 0.48"," 1"," 50"," 100.00"
ECLFINANCE," NR"," 20-Apr-2021"," 994.18"," 994.00"," 994.00"," 980.00"," 980.10"," 981.75"," 981.63"," 350"," 3.44"," 23"," 228"," 65.14"
ECLFINANCE," NS"," 20-Apr-2021"," 980.00"," 990.00"," 999.00"," 990.00"," 999.00"," 999.00"," 996.27"," 33"," 0.33"," 3"," 33"," 100.00"
EDUCOMP," BZ"," 20-Apr-2021"," 2.55"," 2.50"," 2.50"," 2.45"," 2.45"," 2.45"," 2.46"," 59801"," 1.47"," 80"," -"," -"
EHFLNCD," N3"," 20-Apr-2021"," 1030.76"," 1055.00"," 1059.80"," 1055.00"," 1059.80"," 1059.79"," 1058.24"," 164"," 1.74"," 7"," 164"," 100.00"
EMBASSY," RR"," 20-Apr-2021"," 304.57"," 306.01"," 317.90"," 306.01"," 314.21"," 312.60"," 307.83"," 830000"," 2555.00"," 2796"," 669400"," 80.65"
EMCO," BZ"," 20-Apr-2021"," 1.45"," 1.40"," 1.50"," 1.40"," 1.40"," 1.40"," 1.45"," 12412"," 0.18"," 32"," -"," -"
EMOFSR1RDP," MF"," 20-Apr-2021"," 13.86"," 13.86"," 13.90"," 13.86"," 13.90"," 13.90"," 13.90"," 15010"," 2.09"," 8"," 15010"," 100.00"
EMOFSR1RGG," MF"," 20-Apr-2021"," 13.94"," 13.94"," 13.94"," 13.66"," 13.81"," 13.81"," 13.83"," 103485"," 14.31"," 25"," 103485"," 100.00"
ENERGYDEV," BE"," 20-Apr-2021"," 8.75"," 8.75"," 9.00"," 8.50"," 8.95"," 8.90"," 8.80"," 30695"," 2.70"," 116"," -"," -"
ERFLNCDI," N5"," 20-Apr-2021"," 875.00"," 875.00"," 875.00"," 875.00"," 875.00"," 875.00"," 875.00"," 126"," 1.10"," 6"," 126"," 100.00"
ERFLNCDI," N6"," 20-Apr-2021"," 840.00"," 840.00"," 850.00"," 840.00"," 850.00"," 850.00"," 849.83"," 1294"," 11.00"," 16"," 1294"," 100.00"
FCSSOFT," BE"," 20-Apr-2021"," 0.65"," 0.65"," 0.70"," 0.60"," 0.65"," 0.65"," 0.62"," 1998464"," 12.41"," 828"," -"," -"
FLEXITUFF," BE"," 20-Apr-2021"," 24.30"," 24.30"," 25.15"," 23.10"," 23.10"," 23.10"," 23.65"," 4483"," 1.06"," 35"," -"," -"
G5," EQ"," 20-Apr-2021"," 47.85"," 47.83"," 47.88"," 47.80"," 47.80"," 47.80"," 47.82"," 30726"," 14.69"," 16"," 28558"," 92.94"
GANGAFORGE," SM"," 20-Apr-2021"," 45.20"," 46.80"," 46.90"," 46.70"," 46.85"," 46.80"," 46.81"," 32000"," 14.98"," 4"," 16000"," 50.00"
GAYAHWS," BE"," 20-Apr-2021"," 0.55"," 0.55"," 0.60"," 0.50"," 0.60"," 0.60"," 0.57"," 66648"," 0.38"," 84"," -"," -"
GENESYS," BE"," 20-Apr-2021"," 90.45"," 94.00"," 94.50"," 90.00"," 94.00"," 91.35"," 91.62"," 3265"," 2.99"," 36"," -"," -"
GICL," SM"," 20-Apr-2021"," 21.50"," 21.00"," 21.00"," 21.00"," 21.00"," 21.00"," 21.00"," 7500"," 1.58"," 1"," 7500"," 100.00"
GISOLUTION," BE"," 20-Apr-2021"," 2.10"," 2.10"," 2.10"," 2.00"," 2.00"," 2.00"," 2.00"," 692"," 0.01"," 5"," -"," -"
GLOBALVECT," BZ"," 20-Apr-2021"," 38.25"," 39.70"," 40.00"," 37.90"," 39.35"," 38.90"," 39.12"," 6560"," 2.57"," 67"," -"," -"
GLOBE," BE"," 20-Apr-2021"," 47.50"," 47.50"," 49.85"," 45.15"," 49.85"," 46.90"," 46.97"," 311"," 0.15"," 8"," -"," -"
GOENKA," BZ"," 20-Apr-2021"," 1.45"," 1.45"," 1.50"," 1.40"," 1.45"," 1.45"," 1.45"," 210716"," 3.06"," 121"," -"," -"
GOLDTECH," BE"," 20-Apr-2021"," 10.45"," 10.20"," 10.35"," 9.95"," 10.00"," 10.10"," 10.05"," 28014"," 2.81"," 103"," -"," -"
GREENPOWER," BE"," 20-Apr-2021"," 1.80"," 1.80"," 1.85"," 1.80"," 1.85"," 1.85"," 1.84"," 1027502"," 18.93"," 546"," -"," -"
GUJRAFFIA," BE"," 20-Apr-2021"," 43.55"," 41.50"," 45.70"," 41.40"," 43.95"," 43.95"," 44.28"," 876"," 0.39"," 24"," -"," -"
HAVISHA," BE"," 20-Apr-2021"," 0.75"," 0.75"," 0.80"," 0.70"," 0.80"," 0.75"," 0.73"," 112392"," 0.82"," 124"," -"," -"
HBSL," BE"," 20-Apr-2021"," 17.05"," 17.40"," 17.90"," 16.65"," 17.70"," 17.55"," 17.05"," 6107"," 1.04"," 60"," -"," -"
HDFC," W3"," 20-Apr-2021"," 754.50"," 750.00"," 752.90"," 730.00"," 730.00"," 733.35"," 741.58"," 15600"," 115.69"," 26"," 14400"," 92.31"
HDIL," BZ"," 20-Apr-2021"," 4.75"," 4.70"," 4.90"," 4.60"," 4.75"," 4.70"," 4.69"," 224782"," 10.55"," 644"," -"," -"
HEMIPROP," BE"," 20-Apr-2021"," 126.75"," 127.60"," 132.00"," 125.05"," 127.30"," 128.05"," 129.14"," 276644"," 357.26"," 1518"," -"," -"
HEOFRG1126," MF"," 20-Apr-2021"," 10.00"," 10.50"," 10.50"," 10.05"," 10.05"," 10.05"," 10.26"," 20000"," 2.05"," 4"," 20000"," 100.00"
HEXATRADEX," BE"," 20-Apr-2021"," 94.45"," 96.95"," 99.15"," 95.50"," 97.70"," 97.00"," 98.33"," 266597"," 262.15"," 324"," -"," -"
HINDMOTORS," BE"," 20-Apr-2021"," 6.35"," 6.50"," 6.65"," 6.20"," 6.65"," 6.65"," 6.61"," 157526"," 10.41"," 191"," -"," -"
HINDNATGLS," BE"," 20-Apr-2021"," 31.00"," 31.00"," 31.50"," 30.50"," 30.50"," 30.55"," 30.89"," 10286"," 3.18"," 60"," -"," -"
HMT," BZ"," 20-Apr-2021"," 26.25"," 26.95"," 27.55"," 26.50"," 26.65"," 27.05"," 27.22"," 17206"," 4.68"," 54"," -"," -"
HOVS," BE"," 20-Apr-2021"," 42.70"," 44.55"," 44.55"," 40.60"," 41.00"," 40.95"," 41.20"," 13886"," 5.72"," 115"," -"," -"
HPL," BE"," 20-Apr-2021"," 46.90"," 45.55"," 47.90"," 44.60"," 45.10"," 45.15"," 45.68"," 136078"," 62.16"," 1129"," -"," -"
HUBTOWN," BE"," 20-Apr-2021"," 14.90"," 14.45"," 15.45"," 14.45"," 14.65"," 15.00"," 14.99"," 7320"," 1.10"," 46"," -"," -"
HUDCO," N2"," 20-Apr-2021"," 1195.10"," 1197.90"," 1202.00"," 1192.00"," 1198.00"," 1198.00"," 1200.23"," 1153"," 13.84"," 20"," 1103"," 95.66"
HUDCO," N3"," 20-Apr-2021"," 1047.22"," 1047.55"," 1047.55"," 1047.55"," 1047.55"," 1047.55"," 1047.55"," 50"," 0.52"," 3"," 50"," 100.00"
HUDCO," N4"," 20-Apr-2021"," 1063.36"," 1065.00"," 1065.00"," 1063.10"," 1063.10"," 1063.44"," 1063.45"," 702"," 7.47"," 6"," 702"," 100.00"
HUDCO," N5"," 20-Apr-2021"," 1180.00"," 1180.00"," 1180.00"," 1180.00"," 1180.00"," 1180.00"," 1180.00"," 682"," 8.05"," 9"," 682"," 100.00"
HUDCO," N6"," 20-Apr-2021"," 1240.00"," 1240.90"," 1240.90"," 1240.90"," 1240.90"," 1240.90"," 1240.90"," 1"," 0.01"," 1"," 1"," 100.00"
HUDCO," N8"," 20-Apr-2021"," 1229.00"," 1235.00"," 1235.00"," 1235.00"," 1235.00"," 1235.00"," 1235.00"," 375"," 4.63"," 2"," 375"," 100.00"
HUDCO," N9"," 20-Apr-2021"," 1250.00"," 1250.00"," 1250.00"," 1248.00"," 1250.00"," 1250.00"," 1248.89"," 711"," 8.88"," 8"," 661"," 92.97"
HUDCO," ND"," 20-Apr-2021"," 1293.00"," 1299.00"," 1299.00"," 1287.00"," 1287.00"," 1287.00"," 1292.35"," 731"," 9.45"," 14"," 610"," 83.45"
HUDCO," NE"," 20-Apr-2021"," 1431.00"," 1435.00"," 1445.00"," 1435.00"," 1437.00"," 1440.14"," 1438.55"," 273"," 3.93"," 7"," 238"," 87.18"
IBUCCREDIT," N4"," 20-Apr-2021"," 1205.00"," 1205.00"," 1215.00"," 1205.00"," 1215.00"," 1215.00"," 1211.00"," 100"," 1.21"," 3"," 100"," 100.00"
IBUCCREDIT," N9"," 20-Apr-2021"," 990.00"," 901.00"," 901.00"," 901.00"," 901.00"," 901.00"," 901.00"," 5"," 0.05"," 1"," 5"," 100.00"
IBUCCREDIT," NB"," 20-Apr-2021"," 890.00"," 890.00"," 890.00"," 890.00"," 890.00"," 890.00"," 890.00"," 30"," 0.27"," 1"," 30"," 100.00"
IBULHSGFIN," N8"," 20-Apr-2021"," 909.00"," 925.00"," 941.00"," 900.00"," 920.00"," 920.00"," 903.81"," 97"," 0.88"," 10"," 90"," 92.78"
IBULHSGFIN," NA"," 20-Apr-2021"," 930.00"," 930.00"," 942.00"," 930.00"," 942.00"," 942.00"," 941.84"," 385"," 3.63"," 21"," 385"," 100.00"
IBULHSGFIN," NB"," 20-Apr-2021"," 1162.77"," 1160.00"," 1160.00"," 1160.00"," 1160.00"," 1160.00"," 1160.00"," 25"," 0.29"," 2"," 25"," 100.00"
IDFCFIRSTB," N9"," 20-Apr-2021"," 5180.00"," 5101.06"," 5180.00"," 5101.06"," 5180.00"," 5180.00"," 5153.39"," 16"," 0.82"," 6"," 12"," 75.00"
IDFCFIRSTB," NA"," 20-Apr-2021"," 11240.00"," 11215.01"," 11250.00"," 11215.01"," 11250.00"," 11250.00"," 11232.51"," 8"," 0.90"," 2"," 4"," 50.00"
IDFCFIRSTB," NB"," 20-Apr-2021"," 5060.00"," 5060.00"," 5060.00"," 5060.00"," 5060.00"," 5060.00"," 5060.00"," 2"," 0.10"," 1"," 2"," 100.00"
IDFCFIRSTB," NC"," 20-Apr-2021"," 10711.75"," 10711.75"," 10715.01"," 10705.05"," 10715.00"," 10715.00"," 10713.62"," 18"," 1.93"," 7"," 18"," 100.00"
IDFCFIRSTB," ND"," 20-Apr-2021"," 5055.00"," 5050.00"," 5050.00"," 5042.10"," 5050.00"," 5050.00"," 5048.42"," 5"," 0.25"," 3"," 5"," 100.00"
IFCI," NH"," 20-Apr-2021"," 1090.00"," 1085.00"," 1095.00"," 1085.00"," 1086.00"," 1086.00"," 1091.75"," 200"," 2.18"," 7"," 200"," 100.00"
IFCI," NL"," 20-Apr-2021"," 1060.00"," 1055.55"," 1055.55"," 1050.55"," 1050.55"," 1050.55"," 1053.05"," 10"," 0.11"," 2"," 0"," 0.00"
IIFCL," N4"," 20-Apr-2021"," 1407.00"," 1407.00"," 1419.00"," 1406.55"," 1413.00"," 1414.46"," 1412.86"," 1933"," 27.31"," 31"," 1933"," 100.00"
IIFL," N4"," 20-Apr-2021"," 1029.99"," 1018.00"," 1025.00"," 1014.90"," 1025.00"," 1025.00"," 1022.79"," 154"," 1.58"," 5"," 154"," 100.00"
IIFL," N7"," 20-Apr-2021"," 1010.00"," 1050.00"," 1050.00"," 1050.00"," 1050.00"," 1050.00"," 1050.00"," 65"," 0.68"," 5"," 65"," 100.00"
IIFL," N9"," 20-Apr-2021"," 1009.50"," 1009.75"," 1009.75"," 1009.75"," 1009.75"," 1009.75"," 1009.75"," 150"," 1.51"," 1"," 150"," 100.00"
IIFL," NF"," 20-Apr-2021"," 1001.99"," 1002.00"," 1003.80"," 998.00"," 1001.00"," 1001.83"," 1001.03"," 2420"," 24.22"," 32"," 2070"," 85.54"
IIFL," NG"," 20-Apr-2021"," 1004.00"," 1099.00"," 1099.00"," 1010.00"," 1010.00"," 1010.00"," 1054.50"," 34"," 0.36"," 3"," 17"," 50.00"
IL&FSENGG," BZ"," 20-Apr-2021"," 3.50"," 3.60"," 3.65"," 3.45"," 3.65"," 3.65"," 3.55"," 76377"," 2.71"," 40"," -"," -"
IL&FSTRANS," BZ"," 20-Apr-2021"," 2.45"," 2.35"," 2.55"," 2.35"," 2.45"," 2.45"," 2.41"," 103594"," 2.50"," 79"," -"," -"
IMAGICAA," BE"," 20-Apr-2021"," 5.35"," 5.35"," 5.50"," 5.10"," 5.25"," 5.10"," 5.19"," 91438"," 4.74"," 170"," -"," -"
INDIGRID," IV"," 20-Apr-2021"," 130.14"," 131.33"," 131.50"," 129.75"," 129.75"," 129.75"," 130.65"," 826686"," 1080.05"," 170"," 804573"," 97.33"
INDOSOLAR," BZ"," 20-Apr-2021"," 1.80"," 1.85"," 1.85"," 1.75"," 1.75"," 1.80"," 1.80"," 38712"," 0.70"," 55"," -"," -"
INDOTHAI," BE"," 20-Apr-2021"," 49.90"," 47.55"," 51.50"," 47.55"," 49.90"," 50.50"," 49.39"," 2536"," 1.25"," 20"," -"," -"
INDOWIND," BE"," 20-Apr-2021"," 3.60"," 3.70"," 3.70"," 3.50"," 3.65"," 3.65"," 3.65"," 20724"," 0.76"," 75"," -"," -"
INDTERRAIN," BE"," 20-Apr-2021"," 28.45"," 28.40"," 28.95"," 28.15"," 28.50"," 28.45"," 28.50"," 68125"," 19.42"," 197"," -"," -"
INFOMEDIA," BE"," 20-Apr-2021"," 3.60"," 3.75"," 3.75"," 3.50"," 3.75"," 3.70"," 3.74"," 5170"," 0.19"," 24"," -"," -"
INNOVANA," SM"," 20-Apr-2021"," 139.85"," 146.80"," 146.80"," 146.80"," 146.80"," 146.80"," 146.80"," 9000"," 13.21"," 8"," 9000"," 100.00"
INNOVATIVE," SM"," 20-Apr-2021"," 7.00"," 7.15"," 7.15"," 7.15"," 7.15"," 7.15"," 7.15"," 3000"," 0.21"," 1"," 3000"," 100.00"
IRBINVIT," IV"," 20-Apr-2021"," 51.99"," 51.70"," 51.70"," 50.75"," 50.99"," 51.03"," 51.07"," 740000"," 377.90"," 240"," 567500"," 76.69"
IREDA," N1"," 20-Apr-2021"," 1091.13"," 1091.60"," 1309.35"," 1091.60"," 1309.35"," 1309.35"," 1200.48"," 4"," 0.05"," 2"," 2"," 50.00"
IREDA," N3"," 20-Apr-2021"," 1410.00"," 1410.00"," 1410.00"," 1410.00"," 1410.00"," 1410.00"," 1410.00"," 10"," 0.14"," 1"," 10"," 100.00"
IREDA," N5"," 20-Apr-2021"," 1286.95"," 1286.95"," 1289.78"," 1286.95"," 1289.78"," 1289.78"," 1289.56"," 143"," 1.84"," 3"," 143"," 100.00"
IRFC," N2"," 20-Apr-2021"," 1229.82"," 1232.00"," 1232.00"," 1226.00"," 1226.00"," 1226.00"," 1226.86"," 74"," 0.91"," 7"," 74"," 100.00"
IRFC," N3"," 20-Apr-2021"," 1094.16"," 1093.00"," 1093.00"," 1093.00"," 1093.00"," 1093.00"," 1093.00"," 49"," 0.54"," 2"," 49"," 100.00"
IRFC," N4"," 20-Apr-2021"," 1185.00"," 1198.40"," 1198.40"," 1188.55"," 1188.55"," 1188.55"," 1188.65"," 100"," 1.19"," 3"," 100"," 100.00"
IRFC," N5"," 20-Apr-2021"," 1089.00"," 1089.00"," 1089.00"," 1089.00"," 1089.00"," 1089.00"," 1089.00"," 12"," 0.13"," 2"," 12"," 100.00"
IRFC," N9"," 20-Apr-2021"," 1150.00"," 1145.00"," 1145.00"," 1145.00"," 1145.00"," 1145.00"," 1145.00"," 201"," 2.30"," 2"," 201"," 100.00"
IRFC," NA"," 20-Apr-2021"," 1277.52"," 1277.50"," 1277.50"," 1275.00"," 1275.00"," 1275.00"," 1277.08"," 180"," 2.30"," 5"," 180"," 100.00"
IRFC," NE"," 20-Apr-2021"," 1285.01"," 1319.97"," 1319.97"," 1280.00"," 1280.00"," 1280.10"," 1285.16"," 2633"," 33.84"," 26"," 2393"," 90.88"
IRFC," NI"," 20-Apr-2021"," 1152.00"," 1140.06"," 1147.00"," 1140.06"," 1147.00"," 1147.00"," 1146.74"," 187"," 2.14"," 3"," 187"," 100.00"
IRFC," NJ"," 20-Apr-2021"," 1249.99"," 1241.30"," 1256.00"," 1241.30"," 1256.00"," 1252.53"," 1247.67"," 1065"," 13.29"," 16"," 357"," 33.52"
IRFC," NL"," 20-Apr-2021"," 1349.99"," 1151.00"," 1151.00"," 1151.00"," 1151.00"," 1151.00"," 1151.00"," 25"," 0.29"," 3"," 25"," 100.00"
IRFC," NO"," 20-Apr-2021"," 1261.00"," 1256.01"," 1260.00"," 1250.13"," 1259.00"," 1259.42"," 1256.10"," 1380"," 17.33"," 14"," 1030"," 74.64"
IVP," BE"," 20-Apr-2021"," 101.85"," 99.35"," 106.80"," 99.35"," 103.00"," 106.65"," 105.73"," 644"," 0.68"," 20"," -"," -"
JAIBALAJI," BE"," 20-Apr-2021"," 39.95"," 39.95"," 41.25"," 38.30"," 39.10"," 39.05"," 38.93"," 10408"," 4.05"," 65"," -"," -"
JAINSTUDIO," BZ"," 20-Apr-2021"," 1.80"," 1.80"," 1.80"," 1.75"," 1.75"," 1.75"," 1.80"," 1401"," 0.03"," 7"," -"," -"
JETAIRWAYS," BZ"," 20-Apr-2021"," 84.05"," 85.40"," 85.40"," 79.90"," 81.25"," 81.35"," 81.05"," 94903"," 76.92"," 2829"," -"," -"
JHS," BE"," 20-Apr-2021"," 19.65"," 19.65"," 20.00"," 19.25"," 19.60"," 19.45"," 19.73"," 23192"," 4.58"," 111"," -"," -"
JIKIND," BE"," 20-Apr-2021"," 0.55"," 0.55"," 0.55"," 0.50"," 0.50"," 0.55"," 0.54"," 6704"," 0.04"," 9"," -"," -"
JINDALPHOT," BE"," 20-Apr-2021"," 60.80"," 57.90"," 59.50"," 57.80"," 57.80"," 57.80"," 57.95"," 3254"," 1.89"," 79"," -"," -"
JISLDVREQS," BE"," 20-Apr-2021"," 11.30"," 11.00"," 11.75"," 11.00"," 11.45"," 11.35"," 11.42"," 10940"," 1.25"," 60"," -"," -"
JITFINFRA," BE"," 20-Apr-2021"," 8.05"," 8.45"," 8.45"," 7.70"," 8.00"," 8.00"," 7.96"," 4171"," 0.33"," 25"," -"," -"
JIYAECO," BE"," 20-Apr-2021"," 4.90"," 4.80"," 5.10"," 4.80"," 4.90"," 4.90"," 5.02"," 36446"," 1.83"," 85"," -"," -"
JMTAUTOLTD," BE"," 20-Apr-2021"," 2.35"," 2.30"," 2.40"," 2.25"," 2.30"," 2.30"," 2.31"," 276584"," 6.40"," 371"," -"," -"
JYOTISTRUC," BZ"," 20-Apr-2021"," 6.95"," 6.95"," 6.95"," 6.65"," 6.65"," 6.65"," 6.68"," 58052"," 3.88"," 47"," -"," -"
KALYANIFRG," BE"," 20-Apr-2021"," 171.00"," 179.05"," 179.50"," 171.00"," 176.00"," 176.00"," 178.67"," 276"," 0.49"," 10"," -"," -"
KANORICHEM," BE"," 20-Apr-2021"," 116.40"," 119.90"," 121.95"," 116.00"," 116.30"," 116.30"," 117.61"," 14347"," 16.87"," 167"," -"," -"
KAPSTON," BE"," 20-Apr-2021"," 100.00"," 95.05"," 96.00"," 95.05"," 96.00"," 96.00"," 95.35"," 192"," 0.18"," 5"," -"," -"
KARMAENG," BE"," 20-Apr-2021"," 13.20"," 12.95"," 13.60"," 12.60"," 12.60"," 13.60"," 12.80"," 12448"," 1.59"," 56"," -"," -"
KDDL-RE," BE"," 20-Apr-2021"," 306.60"," 429.20"," 429.20"," 240.00"," 300.00"," 267.65"," 353.58"," 72526"," 256.44"," 3324"," -"," -"
KERNEX," BE"," 20-Apr-2021"," 45.75"," 43.50"," 48.00"," 43.50"," 43.50"," 44.40"," 44.60"," 75363"," 33.61"," 198"," -"," -"
KSOLVES," SM"," 20-Apr-2021"," 808.50"," 823.00"," 823.00"," 780.00"," 780.00"," 780.00"," 807.71"," 3000"," 24.23"," 10"," 3000"," 100.00"
L&TFINANCE," NC"," 20-Apr-2021"," 1115.00"," 1116.25"," 1116.25"," 1071.06"," 1085.00"," 1085.00"," 1086.05"," 535"," 5.81"," 12"," 302"," 56.45"
L&TFINANCE," NI"," 20-Apr-2021"," 1145.00"," 1153.10"," 1153.10"," 1153.10"," 1153.10"," 1153.10"," 1153.10"," 100"," 1.15"," 1"," 100"," 100.00"
L&TFINANCE," NK"," 20-Apr-2021"," 1012.00"," 1030.00"," 1039.99"," 1030.00"," 1039.99"," 1039.09"," 1032.64"," 350"," 3.61"," 8"," 350"," 100.00"
L&TFINANCE," NO"," 20-Apr-2021"," 1049.00"," 1080.00"," 1080.00"," 1080.00"," 1080.00"," 1080.00"," 1080.00"," 100"," 1.08"," 1"," 100"," 100.00"
L&TFINANCE," NY"," 20-Apr-2021"," 1050.00"," 1052.00"," 1053.50"," 1052.00"," 1053.50"," 1053.50"," 1052.75"," 20"," 0.21"," 2"," 10"," 50.00"
L&TFINANCE," Y3"," 20-Apr-2021"," 1020.00"," 1020.00"," 1020.01"," 1020.00"," 1020.00"," 1020.00"," 1020.00"," 220"," 2.24"," 4"," 220"," 100.00"
L&TFINANCE," Y5"," 20-Apr-2021"," 1075.00"," 1076.05"," 1076.05"," 1070.00"," 1070.00"," 1070.00"," 1074.66"," 160"," 1.72"," 6"," 160"," 100.00"
L&TFINANCE," Y7"," 20-Apr-2021"," 1075.55"," 1070.00"," 1079.00"," 1070.00"," 1079.00"," 1070.81"," 1070.82"," 11"," 0.12"," 2"," 10"," 90.91"
L&TFINANCE," Y9"," 20-Apr-2021"," 1100.00"," 1104.99"," 1104.99"," 1101.00"," 1103.00"," 1103.00"," 1102.52"," 60"," 0.66"," 5"," 50"," 83.33"
LAGNAM," SM"," 20-Apr-2021"," 16.50"," 17.30"," 17.30"," 17.30"," 17.30"," 17.30"," 17.30"," 3000"," 0.52"," 1"," 3000"," 100.00"
LATTEYS," SM"," 20-Apr-2021"," 58.45"," 55.55"," 55.55"," 55.55"," 55.55"," 55.55"," 55.55"," 4000"," 2.22"," 2"," 2000"," 50.00"
LAXMICOT," SM"," 20-Apr-2021"," 10.35"," 10.35"," 10.35"," 10.35"," 10.35"," 10.35"," 10.35"," 6000"," 0.62"," 1"," 6000"," 100.00"
LGBFORGE," BE"," 20-Apr-2021"," 3.65"," 3.75"," 3.75"," 3.50"," 3.65"," 3.70"," 3.69"," 25810"," 0.95"," 48"," -"," -"
LIBAS," BE"," 20-Apr-2021"," 42.60"," 42.60"," 44.00"," 42.60"," 43.40"," 43.40"," 43.10"," 33934"," 14.62"," 92"," -"," -"
LOKESHMACH," BE"," 20-Apr-2021"," 51.90"," 53.70"," 53.70"," 49.60"," 50.00"," 50.35"," 51.42"," 29716"," 15.28"," 194"," -"," -"
LPDC," BE"," 20-Apr-2021"," 1.90"," 1.90"," 1.95"," 1.85"," 1.95"," 1.95"," 1.92"," 22426"," 0.43"," 40"," -"," -"
LSIL," BE"," 20-Apr-2021"," 1.10"," 1.10"," 1.15"," 1.05"," 1.10"," 1.10"," 1.08"," 2627255"," 28.44"," 1306"," -"," -"
LYKALABS," BE"," 20-Apr-2021"," 28.10"," 29.50"," 29.50"," 29.50"," 29.50"," 29.50"," 29.50"," 44042"," 12.99"," 81"," -"," -"
M&MFIN," N2"," 20-Apr-2021"," 1158.47"," 1163.00"," 1163.00"," 1159.00"," 1159.00"," 1159.90"," 1159.90"," 235"," 2.73"," 6"," 235"," 100.00"
M&MFIN," N3"," 20-Apr-2021"," 1620.00"," 1630.00"," 1630.00"," 1630.00"," 1630.00"," 1630.00"," 1630.00"," 100"," 1.63"," 2"," 100"," 100.00"
M14RG," MF"," 20-Apr-2021"," 10.00"," 9.26"," 9.90"," 9.26"," 9.90"," 9.90"," 9.58"," 20000"," 1.92"," 12"," 10000"," 50.00"
M15RD," MF"," 20-Apr-2021"," 9.20"," 8.74"," 8.74"," 8.74"," 8.74"," 8.74"," 8.74"," 2000"," 0.17"," 1"," 2000"," 100.00"
M15RG," MF"," 20-Apr-2021"," 9.21"," 8.84"," 8.84"," 8.84"," 8.84"," 8.84"," 8.84"," 9000"," 0.80"," 2"," 9000"," 100.00"
M17RG," MF"," 20-Apr-2021"," 7.76"," 8.53"," 8.53"," 8.02"," 8.02"," 8.52"," 8.53"," 5001"," 0.43"," 2"," 4999"," 99.96"
MACPOWER," BE"," 20-Apr-2021"," 84.00"," 83.00"," 86.75"," 81.70"," 83.50"," 82.10"," 84.56"," 27754"," 23.47"," 18"," -"," -"
MADHUCON," BE"," 20-Apr-2021"," 4.80"," 4.75"," 5.00"," 4.75"," 4.85"," 4.85"," 4.84"," 9822"," 0.48"," 33"," -"," -"
MADRASFERT," BE"," 20-Apr-2021"," 23.65"," 24.00"," 24.80"," 23.45"," 24.45"," 24.25"," 24.28"," 26315"," 6.39"," 139"," -"," -"
MAGMA," N1"," 20-Apr-2021"," 1090.10"," 1090.00"," 1090.00"," 1090.00"," 1090.00"," 1090.00"," 1090.00"," 10"," 0.11"," 1"," 10"," 100.00"
MAGNUM," BE"," 20-Apr-2021"," 4.25"," 4.45"," 4.45"," 4.05"," 4.35"," 4.40"," 4.18"," 13339"," 0.56"," 38"," -"," -"
MAHAPEXLTD," BE"," 20-Apr-2021"," 65.50"," 63.05"," 67.95"," 63.05"," 65.95"," 65.95"," 64.55"," 5693"," 3.67"," 45"," -"," -"
MAHICKRA," SM"," 20-Apr-2021"," 80.60"," 78.00"," 78.00"," 78.00"," 78.00"," 78.00"," 78.00"," 1500"," 1.17"," 1"," 1500"," 100.00"
MAJESCO," BE"," 20-Apr-2021"," 70.15"," 72.85"," 73.55"," 67.65"," 73.30"," 73.15"," 72.69"," 512790"," 372.74"," 4789"," -"," -"
MARALOVER," BE"," 20-Apr-2021"," 29.40"," 28.85"," 29.60"," 28.80"," 29.00"," 29.20"," 29.14"," 4294"," 1.25"," 23"," -"," -"
MBAPL," BE"," 20-Apr-2021"," 78.20"," 78.00"," 81.95"," 78.00"," 81.00"," 81.05"," 80.44"," 1591"," 1.28"," 16"," -"," -"
MBECL," BE"," 20-Apr-2021"," 6.80"," 6.70"," 6.95"," 6.50"," 6.55"," 6.55"," 6.64"," 32530"," 2.16"," 85"," -"," -"
MELSTAR," BZ"," 20-Apr-2021"," 1.95"," 1.90"," 1.90"," 1.90"," 1.90"," 1.90"," 1.90"," 1591"," 0.03"," 5"," -"," -"
MERCATOR," BE"," 20-Apr-2021"," 0.80"," 0.80"," 0.85"," 0.75"," 0.80"," 0.80"," 0.81"," 147023"," 1.19"," 110"," -"," -"
METALFORGE," BE"," 20-Apr-2021"," 5.20"," 5.45"," 5.45"," 5.25"," 5.45"," 5.45"," 5.42"," 8132"," 0.44"," 42"," -"," -"
MHHL," SM"," 20-Apr-2021"," 24.15"," 24.25"," 24.25"," 24.00"," 24.00"," 24.00"," 24.13"," 6000"," 1.45"," 2"," 6000"," 100.00"
MIC," BE"," 20-Apr-2021"," 0.65"," 0.65"," 0.70"," 0.65"," 0.70"," 0.65"," 0.68"," 59049"," 0.40"," 47"," -"," -"
MILTON," SM"," 20-Apr-2021"," 15.80"," 16.55"," 16.55"," 16.55"," 16.55"," 16.55"," 16.55"," 26400"," 4.37"," 6"," 26400"," 100.00"
MINDSPACE," RR"," 20-Apr-2021"," 295.81"," 295.00"," 301.80"," 295.00"," 297.00"," 297.33"," 297.68"," 86000"," 256.01"," 333"," 67000"," 77.91"
MIRCELECTR," BE"," 20-Apr-2021"," 12.10"," 12.00"," 12.40"," 11.50"," 11.70"," 11.50"," 11.65"," 531825"," 61.95"," 633"," -"," -"
MODIRUBBER," BE"," 20-Apr-2021"," 81.50"," 77.45"," 85.55"," 77.45"," 85.00"," 80.60"," 79.87"," 21007"," 16.78"," 368"," -"," -"
MOHOTAIND," BE"," 20-Apr-2021"," 6.45"," 6.70"," 6.75"," 6.25"," 6.35"," 6.40"," 6.51"," 7815"," 0.51"," 51"," -"," -"
MOKSH," SM"," 20-Apr-2021"," 50.60"," 50.00"," 50.00"," 50.00"," 50.00"," 50.00"," 50.00"," 9000"," 4.50"," 3"," 9000"," 100.00"
MOLDTEKPP," E1"," 20-Apr-2021"," 280.00"," 280.00"," 280.00"," 261.10"," 271.00"," 274.15"," 271.08"," 181"," 0.49"," 27"," 130"," 71.82"
MPTODAY," SM"," 20-Apr-2021"," 18.00"," 18.90"," 18.90"," 18.90"," 18.90"," 18.90"," 18.90"," 4000"," 0.76"," 2"," 4000"," 100.00"
MRO-TEK," BE"," 20-Apr-2021"," 28.00"," 26.60"," 26.60"," 26.60"," 26.60"," 26.60"," 26.60"," 335"," 0.09"," 6"," -"," -"
MUKANDENGG," BE"," 20-Apr-2021"," 20.05"," 20.15"," 21.05"," 20.15"," 21.05"," 21.00"," 20.92"," 26946"," 5.64"," 108"," -"," -"
MUKANDLTD," P1"," 20-Apr-2021"," 5.70"," 5.15"," 5.15"," 5.15"," 5.15"," 5.15"," 5.15"," 17"," 0.00"," 2"," 17"," 100.00"
N100," EQ"," 20-Apr-2021"," 1037.27"," 1039.90"," 1039.90"," 1023.89"," 1038.00"," 1030.17"," 1029.01"," 130557"," 1343.45"," 3452"," 76834"," 58.85"
NABARD," N2"," 20-Apr-2021"," 1227.99"," 1228.55"," 1239.99"," 1228.55"," 1235.00"," 1235.00"," 1233.07"," 4949"," 61.02"," 34"," 3567"," 72.08"
NAGAFERT," BE"," 20-Apr-2021"," 5.45"," 5.45"," 5.50"," 5.25"," 5.45"," 5.40"," 5.43"," 150937"," 8.19"," 313"," -"," -"
NANDANI," SM"," 20-Apr-2021"," 24.50"," 23.30"," 25.70"," 23.30"," 25.70"," 25.70"," 25.30"," 30000"," 7.59"," 6"," 30000"," 100.00"
NATNLSTEEL," BE"," 20-Apr-2021"," 4.35"," 4.30"," 4.55"," 4.15"," 4.15"," 4.15"," 4.28"," 9780"," 0.42"," 28"," -"," -"
NHAI," N1"," 20-Apr-2021"," 1077.00"," 1075.26"," 1076.50"," 1075.26"," 1076.50"," 1076.50"," 1075.65"," 1215"," 13.07"," 6"," 620"," 51.03"
NHAI," N2"," 20-Apr-2021"," 1249.33"," 1242.25"," 1249.00"," 1242.25"," 1249.00"," 1248.65"," 1248.55"," 407"," 5.08"," 7"," 407"," 100.00"
NHAI," N4"," 20-Apr-2021"," 1160.00"," 1160.00"," 1160.00"," 1160.00"," 1160.00"," 1160.00"," 1160.00"," 30"," 0.35"," 1"," 30"," 100.00"
NHAI," N5"," 20-Apr-2021"," 1255.00"," 1248.00"," 1248.00"," 1248.00"," 1248.00"," 1248.00"," 1248.00"," 10"," 0.12"," 1"," 10"," 100.00"
NHAI," N6"," 20-Apr-2021"," 1269.90"," 1270.00"," 1276.50"," 1268.00"," 1269.00"," 1269.20"," 1269.88"," 3560"," 45.21"," 25"," 3221"," 90.48"
NHAI," N9"," 20-Apr-2021"," 1202.01"," 1428.99"," 1428.99"," 1205.00"," 1205.00"," 1205.00"," 1317.00"," 2"," 0.03"," 2"," 2"," 100.00"
NHAI," NA"," 20-Apr-2021"," 1226.50"," 1227.50"," 1230.00"," 1227.50"," 1229.90"," 1229.19"," 1228.65"," 187"," 2.30"," 7"," 186"," 99.47"
NHAI," NC"," 20-Apr-2021"," 1159.99"," 1158.00"," 1158.00"," 1158.00"," 1158.00"," 1158.00"," 1158.00"," 20"," 0.23"," 1"," 20"," 100.00"
NHAI," ND"," 20-Apr-2021"," 1244.40"," 1270.00"," 1270.00"," 1270.00"," 1270.00"," 1270.00"," 1270.00"," 2"," 0.03"," 2"," 2"," 100.00"
NHAI," NE"," 20-Apr-2021"," 1268.00"," 1273.90"," 1273.90"," 1263.50"," 1266.00"," 1266.00"," 1264.70"," 2154"," 27.24"," 13"," 2130"," 98.89"
NHBTF2014," N5"," 20-Apr-2021"," 6340.00"," 6445.24"," 6445.24"," 6445.24"," 6445.24"," 6445.24"," 6445.24"," 61"," 3.93"," 1"," 61"," 100.00"
NHBTF2014," N6"," 20-Apr-2021"," 7082.00"," 7149.00"," 7149.00"," 7149.00"," 7149.00"," 7149.00"," 7149.00"," 38"," 2.72"," 8"," 38"," 100.00"
NHBTF2023," N6"," 20-Apr-2021"," 6350.00"," 6380.00"," 6380.00"," 6350.00"," 6380.00"," 6365.93"," 6370.89"," 321"," 20.45"," 19"," 321"," 100.00"
NHBTF2023," N7"," 20-Apr-2021"," 6999.30"," 6999.30"," 6999.30"," 6999.30"," 6999.30"," 6999.30"," 6999.30"," 5"," 0.35"," 1"," 5"," 100.00"
NILAINFRA," BE"," 20-Apr-2021"," 4.20"," 4.30"," 4.40"," 4.05"," 4.35"," 4.35"," 4.29"," 114140"," 4.90"," 121"," -"," -"
NILASPACES," BE"," 20-Apr-2021"," 1.40"," 1.45"," 1.45"," 1.35"," 1.35"," 1.35"," 1.36"," 91883"," 1.25"," 143"," -"," -"
NITINFIRE," BZ"," 20-Apr-2021"," 0.60"," 0.60"," 0.65"," 0.55"," 0.65"," 0.60"," 0.59"," 233457"," 1.37"," 45"," -"," -"
NITIRAJ," SM"," 20-Apr-2021"," 45.45"," 46.00"," 47.70"," 43.20"," 43.20"," 43.20"," 44.77"," 16500"," 7.39"," 11"," 15000"," 90.91"
NOIDATOLL," BE"," 20-Apr-2021"," 6.50"," 6.60"," 6.60"," 6.20"," 6.20"," 6.20"," 6.22"," 49358"," 3.07"," 96"," -"," -"
NTPC," N4"," 20-Apr-2021"," 1152.00"," 1131.00"," 1148.70"," 1131.00"," 1143.00"," 1144.25"," 1141.07"," 200"," 2.28"," 5"," 200"," 100.00"
NTPC," N6"," 20-Apr-2021"," 1420.00"," 1427.85"," 1427.85"," 1427.85"," 1427.85"," 1427.85"," 1427.85"," 1000"," 14.28"," 1"," 1000"," 100.00"
NTPC," N7"," 20-Apr-2021"," 13.58"," 13.60"," 13.65"," 13.57"," 13.63"," 13.63"," 13.64"," 46088"," 6.29"," 93"," 43566"," 94.53"
NTPC," NB"," 20-Apr-2021"," 1136.06"," 1136.00"," 1142.00"," 1136.00"," 1142.00"," 1142.00"," 1139.00"," 14"," 0.16"," 2"," 7"," 50.00"
OILCOUNTUB," BE"," 20-Apr-2021"," 5.50"," 5.40"," 5.75"," 5.40"," 5.75"," 5.75"," 5.62"," 18965"," 1.07"," 20"," -"," -"
ONELIFECAP," BE"," 20-Apr-2021"," 6.10"," 6.40"," 6.40"," 5.90"," 5.90"," 6.15"," 6.06"," 1309"," 0.08"," 12"," -"," -"
OPTOCIRCUI," BE"," 20-Apr-2021"," 4.05"," 4.25"," 4.25"," 4.25"," 4.25"," 4.25"," 4.25"," 72545"," 3.08"," 83"," -"," -"
ORCHPHARMA," BE"," 20-Apr-2021"," 1513.70"," 1438.05"," 1438.05"," 1438.05"," 1438.05"," 1438.05"," 1438.05"," 204"," 2.93"," 60"," -"," -"
ORICONENT," BE"," 20-Apr-2021"," 18.30"," 17.90"," 19.10"," 17.90"," 19.00"," 18.55"," 18.33"," 8012"," 1.47"," 62"," -"," -"
ORTEL," BZ"," 20-Apr-2021"," 1.05"," 1.00"," 1.05"," 1.00"," 1.05"," 1.05"," 1.03"," 300"," 0.00"," 2"," -"," -"
OSIAHYPER," SM"," 20-Apr-2021"," 140.10"," 117.00"," 148.00"," 117.00"," 148.00"," 137.65"," 137.67"," 1200"," 1.65"," 3"," 400"," 33.33"
OSWALSEEDS," SM"," 20-Apr-2021"," 37.25"," 35.40"," 38.00"," 35.40"," 38.00"," 38.00"," 36.70"," 8000"," 2.94"," 2"," 8000"," 100.00"
PAEL," BZ"," 20-Apr-2021"," 10.80"," 10.30"," 10.30"," 10.30"," 10.30"," 10.30"," 10.30"," 3264"," 0.34"," 16"," -"," -"
PALREDTEC," BE"," 20-Apr-2021"," 123.50"," 129.65"," 129.65"," 129.65"," 129.65"," 129.65"," 129.65"," 6431"," 8.34"," 93"," -"," -"
PANSARI," SM"," 20-Apr-2021"," 52.00"," 52.00"," 52.10"," 52.00"," 52.10"," 52.10"," 52.03"," 18000"," 9.37"," 2"," 18000"," 100.00"
PAR," SM"," 20-Apr-2021"," 126.50"," 129.00"," 132.25"," 128.45"," 130.00"," 130.00"," 129.80"," 14000"," 18.17"," 7"," 6000"," 42.86"
PARSVNATH," BE"," 20-Apr-2021"," 7.65"," 7.80"," 7.80"," 7.30"," 7.45"," 7.45"," 7.41"," 59251"," 4.39"," 117"," -"," -"
PARTYCRUS," SM"," 20-Apr-2021"," 23.90"," 25.05"," 25.05"," 25.05"," 25.05"," 25.05"," 25.05"," 6000"," 1.50"," 3"," 6000"," 100.00"
PASHUPATI," SM"," 20-Apr-2021"," 75.50"," 76.00"," 76.00"," 76.00"," 76.00"," 76.00"," 76.00"," 1600"," 1.22"," 1"," 1600"," 100.00"
PAVNAIND," SM"," 20-Apr-2021"," 165.10"," 165.10"," 165.10"," 165.10"," 165.10"," 165.10"," 165.10"," 2400"," 3.96"," 3"," 2400"," 100.00"
PENINLAND," BE"," 20-Apr-2021"," 7.05"," 7.20"," 7.30"," 7.00"," 7.20"," 7.00"," 7.08"," 63881"," 4.52"," 178"," -"," -"
PENTAGOLD," SM"," 20-Apr-2021"," 95.90"," 94.70"," 96.50"," 91.15"," 91.15"," 91.15"," 93.70"," 21000"," 19.68"," 5"," 18000"," 85.71"
PFC," N3"," 20-Apr-2021"," 1333.89"," 1335.95"," 1335.95"," 1335.95"," 1335.95"," 1335.95"," 1335.95"," 1"," 0.01"," 1"," 1"," 100.00"
PFC," N4"," 20-Apr-2021"," 1071.51"," 1072.01"," 1072.16"," 1072.01"," 1072.16"," 1072.16"," 1072.13"," 1155"," 12.38"," 6"," 1155"," 100.00"
PFC," N5"," 20-Apr-2021"," 1228.00"," 1228.00"," 1229.00"," 1228.00"," 1229.00"," 1229.00"," 1228.78"," 330"," 4.05"," 7"," 330"," 100.00"
PFC," N6"," 20-Apr-2021"," 1147.10"," 1135.00"," 1135.00"," 1134.00"," 1134.00"," 1134.00"," 1134.50"," 40"," 0.45"," 2"," 40"," 100.00"
PFC," N8"," 20-Apr-2021"," 1427.49"," 1425.05"," 1428.00"," 1424.90"," 1427.00"," 1427.23"," 1425.90"," 1266"," 18.05"," 35"," 1164"," 91.94"
PGEL," BE"," 20-Apr-2021"," 303.65"," 288.50"," 318.80"," 288.50"," 318.80"," 318.80"," 299.39"," 41660"," 124.73"," 767"," -"," -"
PIGL," SM"," 20-Apr-2021"," 53.45"," 56.10"," 56.10"," 56.10"," 56.10"," 56.10"," 56.10"," 24000"," 13.46"," 6"," 24000"," 100.00"
PKTEA," BE"," 20-Apr-2021"," 200.10"," 200.10"," 209.90"," 190.10"," 190.10"," 192.25"," 194.05"," 450"," 0.87"," 25"," -"," -"
PNC," BE"," 20-Apr-2021"," 52.80"," 55.40"," 55.40"," 55.40"," 55.40"," 55.40"," 55.40"," 60061"," 33.27"," 288"," -"," -"
PODDARHOUS," BE"," 20-Apr-2021"," 150.85"," 153.85"," 153.85"," 145.60"," 151.85"," 147.45"," 150.01"," 1439"," 2.16"," 44"," -"," -"
PRAXIS," BE"," 20-Apr-2021"," 34.80"," 34.80"," 36.45"," 33.40"," 35.75"," 35.70"," 35.48"," 8268"," 2.93"," 70"," -"," -"
PREMEXPLN," BE"," 20-Apr-2021"," 149.80"," 149.85"," 155.25"," 149.85"," 151.60"," 151.60"," 151.52"," 3571"," 5.41"," 50"," -"," -"
PREMIER," BE"," 20-Apr-2021"," 2.35"," 2.25"," 2.25"," 2.25"," 2.25"," 2.25"," 2.25"," 10826"," 0.24"," 16"," -"," -"
PRIMESECU," BE"," 20-Apr-2021"," 42.50"," 44.60"," 44.60"," 42.55"," 43.90"," 43.90"," 43.35"," 466"," 0.20"," 18"," -"," -"
PROLIFE," SM"," 20-Apr-2021"," 44.00"," 45.00"," 45.00"," 41.80"," 41.80"," 41.80"," 43.40"," 6000"," 2.60"," 2"," 6000"," 100.00"
PUNJLLOYD," BZ"," 20-Apr-2021"," 1.35"," 1.40"," 1.40"," 1.30"," 1.35"," 1.35"," 1.36"," 168037"," 2.28"," 141"," -"," -"
RADAAN," BE"," 20-Apr-2021"," 0.80"," 0.85"," 0.85"," 0.75"," 0.75"," 0.75"," 0.76"," 13430"," 0.10"," 19"," -"," -"
RAJMET," BE"," 20-Apr-2021"," 85.75"," 88.80"," 88.80"," 85.50"," 85.50"," 85.50"," 86.70"," 76"," 0.07"," 6"," -"," -"
RAJRAYON," BZ"," 20-Apr-2021"," 0.20"," 0.20"," 0.25"," 0.20"," 0.25"," 0.25"," 0.23"," 551773"," 1.28"," 84"," -"," -"
RAJSREESUG," BE"," 20-Apr-2021"," 17.40"," 17.75"," 17.90"," 17.00"," 17.10"," 17.05"," 17.35"," 4747"," 0.82"," 49"," -"," -"
RAMASTEEL," BE"," 20-Apr-2021"," 72.00"," 74.00"," 74.05"," 70.15"," 70.55"," 71.60"," 72.15"," 9364"," 6.76"," 74"," -"," -"
RAMSARUP," BZ"," 20-Apr-2021"," 0.70"," 0.70"," 0.70"," 0.70"," 0.70"," 0.70"," 0.70"," 480"," 0.00"," 2"," -"," -"
RECLTD," N1"," 20-Apr-2021"," 1085.00"," 1078.00"," 1078.00"," 1073.00"," 1073.00"," 1073.00"," 1077.94"," 253"," 2.73"," 2"," 253"," 100.00"
RECLTD," N2"," 20-Apr-2021"," 1174.00"," 1180.50"," 1186.00"," 1180.50"," 1186.00"," 1186.00"," 1183.25"," 90"," 1.06"," 2"," 45"," 50.00"
RECLTD," N6"," 20-Apr-2021"," 1280.00"," 1280.00"," 1280.00"," 1280.00"," 1280.00"," 1280.00"," 1280.00"," 50"," 0.64"," 1"," 50"," 100.00"
RECLTD," N9"," 20-Apr-2021"," 1274.99"," 1275.00"," 1284.47"," 1274.99"," 1284.47"," 1282.00"," 1278.03"," 740"," 9.46"," 8"," 740"," 100.00"
RECLTD," NF"," 20-Apr-2021"," 1309.00"," 1300.00"," 1300.00"," 1300.00"," 1300.00"," 1300.00"," 1300.00"," 500"," 6.50"," 7"," 500"," 100.00"
RELIANCEPP," E1"," 20-Apr-2021"," 975.20"," 989.95"," 991.00"," 965.50"," 974.05"," 972.55"," 980.80"," 508861"," 4990.90"," 29200"," 285955"," 56.20"
RMCL," BE"," 20-Apr-2021"," 2.10"," 2.10"," 2.15"," 2.00"," 2.00"," 2.00"," 2.00"," 202632"," 4.06"," 191"," -"," -"
RNAVAL," BZ"," 20-Apr-2021"," 2.90"," 2.95"," 3.00"," 2.80"," 2.85"," 2.85"," 2.84"," 619972"," 17.64"," 482"," -"," -"
ROHITFERRO," BE"," 20-Apr-2021"," 1.35"," 1.30"," 1.40"," 1.30"," 1.30"," 1.30"," 1.33"," 24639"," 0.33"," 27"," -"," -"
ROLLT," BE"," 20-Apr-2021"," 3.10"," 3.00"," 3.20"," 2.95"," 3.20"," 3.15"," 3.13"," 11580"," 0.36"," 48"," -"," -"
ROML," BE"," 20-Apr-2021"," 92.00"," 90.50"," 95.00"," 87.40"," 90.70"," 90.70"," 89.77"," 4716"," 4.23"," 68"," -"," -"
RUCHINFRA," BE"," 20-Apr-2021"," 5.70"," 5.80"," 5.80"," 5.60"," 5.65"," 5.60"," 5.64"," 91055"," 5.13"," 191"," -"," -"
S&SPOWER," BE"," 20-Apr-2021"," 19.80"," 19.80"," 19.80"," 19.00"," 19.80"," 19.80"," 19.41"," 94"," 0.02"," 7"," -"," -"
SABEVENTS," BE"," 20-Apr-2021"," 1.15"," 1.10"," 1.20"," 1.10"," 1.10"," 1.15"," 1.11"," 1231"," 0.01"," 8"," -"," -"
SANGAMIND," BE"," 20-Apr-2021"," 77.85"," 79.95"," 79.95"," 76.85"," 79.00"," 79.00"," 79.18"," 27407"," 21.70"," 31"," -"," -"
SANGHVIFOR," BE"," 20-Apr-2021"," 17.80"," 18.35"," 18.60"," 16.95"," 16.95"," 16.95"," 17.41"," 12320"," 2.15"," 62"," -"," -"
SANWARIA," BZ"," 20-Apr-2021"," 0.65"," 0.65"," 0.70"," 0.60"," 0.65"," 0.65"," 0.66"," 402006"," 2.66"," 151"," -"," -"
SARVESHWAR," SM"," 20-Apr-2021"," 29.45"," 28.00"," 28.00"," 28.00"," 28.00"," 28.00"," 28.00"," 22400"," 6.27"," 12"," 22400"," 100.00"
SATINPP1," E1"," 20-Apr-2021"," 59.90"," 57.10"," 61.35"," 57.10"," 61.25"," 61.25"," 58.07"," 2569"," 1.49"," 33"," 2382"," 92.72"
SCAPDVR," BE"," 20-Apr-2021"," 2.10"," 2.20"," 2.20"," 2.20"," 2.20"," 2.20"," 2.20"," 72560"," 1.60"," 68"," -"," -"
SCHAND," BE"," 20-Apr-2021"," 96.10"," 97.75"," 100.90"," 96.10"," 98.45"," 98.90"," 100.09"," 75403"," 75.47"," 669"," -"," -"
SECL," SZ"," 20-Apr-2021"," 9.80"," 9.80"," 10.20"," 9.60"," 10.20"," 9.90"," 9.88"," 12000"," 1.19"," 4"," 9000"," 75.00"
SECURCRED," SM"," 20-Apr-2021"," 12.15"," 12.75"," 12.75"," 12.75"," 12.75"," 12.75"," 12.75"," 1200"," 0.15"," 2"," 1200"," 100.00"
SEPOWER," BE"," 20-Apr-2021"," 3.70"," 3.65"," 3.75"," 3.55"," 3.55"," 3.55"," 3.56"," 7425"," 0.26"," 46"," -"," -"
SETUINFRA," BE"," 20-Apr-2021"," 0.70"," 0.70"," 0.75"," 0.65"," 0.70"," 0.70"," 0.70"," 52045"," 0.36"," 52"," -"," -"
SGBAPR28I," GB"," 20-Apr-2021"," 4754.96"," 4775.00"," 4775.00"," 4726.05"," 4735.00"," 4737.20"," 4738.53"," 1353"," 64.11"," 170"," 1334"," 98.60"
SGBAUG24," GB"," 20-Apr-2021"," 4850.62"," 4850.00"," 4944.00"," 4801.00"," 4900.00"," 4900.00"," 4888.07"," 93"," 4.55"," 21"," 64"," 68.82"
SGBAUG28V," GB"," 20-Apr-2021"," 4809.36"," 4824.05"," 4850.00"," 4801.05"," 4811.26"," 4813.38"," 4821.64"," 818"," 39.44"," 110"," 674"," 82.40"
SGBDC27VII," GB"," 20-Apr-2021"," 4749.00"," 4770.00"," 4800.00"," 4740.00"," 4740.00"," 4740.00"," 4773.11"," 19"," 0.91"," 7"," 19"," 100.00"
SGBDEC25," GB"," 20-Apr-2021"," 4651.01"," 5069.00"," 5069.00"," 5069.00"," 5069.00"," 5069.00"," 5069.00"," 2"," 0.10"," 1"," 2"," 100.00"
SGBDEC2513," GB"," 20-Apr-2021"," 4700.00"," 4790.00"," 4790.00"," 4721.00"," 4721.01"," 4721.01"," 4755.50"," 4"," 0.19"," 4"," 3"," 75.00"
SGBFEB24," GB"," 20-Apr-2021"," 4742.10"," 4742.10"," 4750.00"," 4716.00"," 4745.00"," 4745.00"," 4737.59"," 451"," 21.37"," 30"," 437"," 96.90"
SGBFEB27," GB"," 20-Apr-2021"," 4785.00"," 4785.00"," 4785.00"," 4700.00"," 4701.00"," 4703.13"," 4704.47"," 77"," 3.62"," 18"," 50"," 64.94"
SGBFEB28IX," GB"," 20-Apr-2021"," 4800.00"," 4701.00"," 4702.00"," 4701.00"," 4702.00"," 4702.00"," 4701.50"," 2"," 0.09"," 2"," 2"," 100.00"
SGBFEB29XI," GB"," 20-Apr-2021"," 4789.64"," 4789.64"," 4789.64"," 4760.00"," 4771.00"," 4771.00"," 4765.37"," 10"," 0.48"," 8"," 8"," 80.00"
SGBJ28VIII," GB"," 20-Apr-2021"," 4740.00"," 4765.00"," 4765.00"," 4701.00"," 4760.00"," 4760.00"," 4757.38"," 13"," 0.62"," 3"," 13"," 100.00"
SGBJAN27," GB"," 20-Apr-2021"," 5048.00"," 4706.00"," 5048.00"," 4701.00"," 4726.11"," 4726.11"," 4789.14"," 64"," 3.07"," 25"," 2"," 3.13"
SGBJAN29IX," GB"," 20-Apr-2021"," 4787.50"," 4850.00"," 4850.00"," 4771.00"," 4780.00"," 4787.08"," 4800.70"," 107"," 5.14"," 25"," 86"," 80.37"
SGBJAN29X," GB"," 20-Apr-2021"," 4799.85"," 4800.00"," 4800.00"," 4786.00"," 4787.00"," 4787.00"," 4795.90"," 20"," 0.96"," 11"," 20"," 100.00"
SGBJUL25," GB"," 20-Apr-2021"," 4775.00"," 4750.00"," 4771.98"," 4749.00"," 4771.98"," 4771.98"," 4751.79"," 112"," 5.32"," 4"," 112"," 100.00"
SGBJUL27," GB"," 20-Apr-2021"," 4850.00"," 4849.00"," 4849.00"," 4849.00"," 4849.00"," 4849.00"," 4849.00"," 2"," 0.10"," 2"," 2"," 100.00"
SGBJUL28IV," GB"," 20-Apr-2021"," 4797.08"," 4795.00"," 4795.00"," 4751.00"," 4761.00"," 4767.55"," 4772.75"," 209"," 9.98"," 41"," 156"," 74.64"
SGBJUN28," GB"," 20-Apr-2021"," 4769.00"," 4779.00"," 4790.00"," 4750.00"," 4750.01"," 4762.96"," 4772.00"," 119"," 5.68"," 29"," 75"," 63.03"
SGBMAR24," GB"," 20-Apr-2021"," 4780.00"," 4780.00"," 4795.00"," 4700.00"," 4700.00"," 4705.58"," 4722.83"," 153"," 7.23"," 14"," 153"," 100.00"
SGBMAR25," GB"," 20-Apr-2021"," 4769.63"," 4713.00"," 4775.00"," 4713.00"," 4775.00"," 4775.00"," 4756.75"," 16"," 0.76"," 5"," 14"," 87.50"
SGBMAR28X," GB"," 20-Apr-2021"," 4721.00"," 4750.00"," 4776.00"," 4730.80"," 4731.15"," 4731.15"," 4773.05"," 108"," 5.15"," 16"," 101"," 93.52"
SGBMAY25," GB"," 20-Apr-2021"," 4798.92"," 4783.00"," 5000.00"," 4740.00"," 4848.98"," 4848.98"," 4857.87"," 60"," 2.91"," 14"," 50"," 83.33"
SGBMAY26," GB"," 20-Apr-2021"," 4741.10"," 4704.00"," 4764.00"," 4704.00"," 4740.00"," 4740.00"," 4758.82"," 106"," 5.04"," 8"," 106"," 100.00"
SGBMAY28," GB"," 20-Apr-2021"," 4764.92"," 4784.95"," 4785.00"," 4734.00"," 4759.00"," 4755.95"," 4760.51"," 185"," 8.81"," 41"," 171"," 92.43"
SGBMR29XII," GB"," 20-Apr-2021"," 4738.23"," 4732.00"," 4775.00"," 4726.00"," 4750.00"," 4748.02"," 4751.37"," 820"," 38.96"," 169"," 708"," 86.34"
SGBN28VIII," GB"," 20-Apr-2021"," 4775.01"," 4780.00"," 4890.00"," 4776.01"," 4825.00"," 4825.00"," 4823.27"," 104"," 5.02"," 16"," 21"," 20.19"
SGBNOV23," GB"," 20-Apr-2021"," 4790.00"," 4760.00"," 4810.00"," 4760.00"," 4810.00"," 4808.00"," 4778.34"," 132"," 6.31"," 17"," 131"," 99.24"
SGBNOV24," GB"," 20-Apr-2021"," 4738.08"," 4710.00"," 4749.90"," 4710.00"," 4747.47"," 4747.47"," 4740.11"," 297"," 14.08"," 33"," 295"," 99.33"
SGBNOV258," GB"," 20-Apr-2021"," 4750.00"," 4750.00"," 4750.00"," 4750.00"," 4750.00"," 4750.00"," 4750.00"," 1"," 0.05"," 1"," 1"," 100.00"
SGBNOV25VI," GB"," 20-Apr-2021"," 4789.00"," 4720.00"," 4720.00"," 4720.00"," 4720.00"," 4720.00"," 4720.00"," 1"," 0.05"," 1"," 1"," 100.00"
SGBOC28VII," GB"," 20-Apr-2021"," 4819.00"," 4752.00"," 4800.00"," 4752.00"," 4757.02"," 4759.98"," 4774.59"," 95"," 4.54"," 32"," 87"," 91.58"
SGBOCT25," GB"," 20-Apr-2021"," 4756.27"," 4770.80"," 4775.00"," 4770.80"," 4775.00"," 4775.00"," 4774.98"," 191"," 9.12"," 13"," 191"," 100.00"
SGBOCT25IV," GB"," 20-Apr-2021"," 4742.00"," 4800.00"," 4800.00"," 4800.00"," 4800.00"," 4800.00"," 4800.00"," 1"," 0.05"," 1"," 1"," 100.00"
SGBOCT25V," GB"," 20-Apr-2021"," 4700.00"," 4705.00"," 4725.00"," 4705.00"," 4705.00"," 4705.00"," 4708.50"," 6"," 0.28"," 4"," 6"," 100.00"
SGBOCT27VI," GB"," 20-Apr-2021"," 4743.86"," 4750.00"," 4750.00"," 4750.00"," 4750.00"," 4750.00"," 4750.00"," 42"," 2.00"," 3"," 42"," 100.00"
SGBSEP24," GB"," 20-Apr-2021"," 4774.00"," 4749.90"," 4792.00"," 4714.00"," 4720.00"," 4720.00"," 4731.39"," 100"," 4.73"," 12"," 90"," 90.00"
SGBSEP27," GB"," 20-Apr-2021"," 4725.00"," 4750.00"," 4750.00"," 4650.00"," 4745.00"," 4745.00"," 4688.33"," 179"," 8.39"," 31"," 102"," 56.98"
SGBSEP28VI," GB"," 20-Apr-2021"," 4791.00"," 4761.10"," 4848.00"," 4725.00"," 4743.00"," 4738.80"," 4748.26"," 499"," 23.69"," 57"," 293"," 58.72"
SHAHALLOYS," BE"," 20-Apr-2021"," 10.30"," 10.80"," 10.80"," 10.40"," 10.80"," 10.80"," 10.66"," 12982"," 1.38"," 22"," -"," -"
SHIVAMILLS," BE"," 20-Apr-2021"," 42.95"," 42.00"," 45.00"," 42.00"," 43.80"," 42.85"," 44.14"," 2678"," 1.18"," 22"," -"," -"
SHRADHA," BE"," 20-Apr-2021"," 36.10"," 36.10"," 36.10"," 35.50"," 35.50"," 35.50"," 35.92"," 87"," 0.03"," 4"," -"," -"
SHRIPISTON," BE"," 20-Apr-2021"," 748.00"," 759.00"," 759.00"," 740.00"," 740.00"," 740.00"," 746.95"," 1496"," 11.17"," 25"," -"," -"
SHUBHLAXMI," SM"," 20-Apr-2021"," 12.90"," 12.95"," 12.95"," 12.90"," 12.90"," 12.90"," 12.92"," 5000"," 0.65"," 4"," 5000"," 100.00"
SIDDHIKA," ST"," 20-Apr-2021"," 55.95"," 56.45"," 56.50"," 56.45"," 56.50"," 56.50"," 56.48"," 4000"," 2.26"," 2"," 4000"," 100.00"
SIL," BE"," 20-Apr-2021"," 18.00"," 17.40"," 18.75"," 17.10"," 17.70"," 17.40"," 17.32"," 45922"," 7.95"," 78"," -"," -"
SILLYMONKS," BE"," 20-Apr-2021"," 22.55"," 21.85"," 23.00"," 21.50"," 22.50"," 22.50"," 22.89"," 1147"," 0.26"," 10"," -"," -"
SINTEX," BE"," 20-Apr-2021"," 3.30"," 3.35"," 3.45"," 3.25"," 3.40"," 3.40"," 3.40"," 866033"," 29.41"," 697"," -"," -"
SIRCA," BE"," 20-Apr-2021"," 363.80"," 363.80"," 374.00"," 345.65"," 369.00"," 367.85"," 368.01"," 19630"," 72.24"," 219"," -"," -"
SKIL," BE"," 20-Apr-2021"," 2.40"," 2.30"," 2.50"," 2.30"," 2.45"," 2.40"," 2.39"," 14868"," 0.36"," 39"," -"," -"
SMPL," BZ"," 20-Apr-2021"," 0.15"," 0.15"," 0.15"," 0.15"," 0.15"," 0.15"," 0.15"," 1080"," 0.00"," 4"," -"," -"
SMVD," SM"," 20-Apr-2021"," 8.45"," 8.85"," 8.85"," 8.85"," 8.85"," 8.85"," 8.85"," 2000"," 0.18"," 1"," 2000"," 100.00"
SOFTTECH," SM"," 20-Apr-2021"," 94.55"," 94.60"," 94.60"," 94.60"," 94.60"," 94.60"," 94.60"," 1600"," 1.51"," 1"," 1600"," 100.00"
SOLEX," SM"," 20-Apr-2021"," 54.00"," 53.35"," 53.35"," 53.35"," 53.35"," 53.35"," 53.35"," 2000"," 1.07"," 1"," 2000"," 100.00"
SOMATEX," BE"," 20-Apr-2021"," 5.40"," 5.40"," 5.65"," 5.40"," 5.65"," 5.65"," 5.65"," 13608"," 0.77"," 40"," -"," -"
SOMICONVEY," BE"," 20-Apr-2021"," 33.25"," 33.25"," 34.00"," 31.65"," 33.95"," 33.65"," 32.28"," 13183"," 4.26"," 88"," -"," -"
SONAHISONA," SM"," 20-Apr-2021"," 12.00"," 12.00"," 12.00"," 12.00"," 12.00"," 12.00"," 12.00"," 150000"," 18.00"," 3"," 150000"," 100.00"
SONAMCLOCK," SM"," 20-Apr-2021"," 65.70"," 64.85"," 64.85"," 58.00"," 64.70"," 64.70"," 62.52"," 9000"," 5.63"," 3"," 0"," 0.00"
SPENTEX," BZ"," 20-Apr-2021"," 0.80"," 0.75"," 0.85"," 0.75"," 0.75"," 0.75"," 0.79"," 10133"," 0.08"," 7"," -"," -"
SREIBNPNCD," NO"," 20-Apr-2021"," 325.00"," 325.00"," 325.00"," 325.00"," 325.00"," 325.00"," 325.00"," 4"," 0.01"," 1"," 4"," 100.00"
SREIBNPNCD," NU"," 20-Apr-2021"," 383.99"," 383.99"," 383.99"," 383.99"," 383.99"," 383.99"," 383.99"," 25"," 0.10"," 1"," 25"," 100.00"
SREIBNPNCD," Y1"," 20-Apr-2021"," 360.00"," 429.90"," 430.00"," 429.90"," 430.00"," 430.00"," 429.98"," 116"," 0.50"," 9"," 116"," 100.00"
SREIBNPNCD," Y7"," 20-Apr-2021"," 360.00"," 360.00"," 399.00"," 360.00"," 399.00"," 361.85"," 361.03"," 38"," 0.14"," 3"," 38"," 100.00"
SRIRAM," SM"," 20-Apr-2021"," 16.50"," 16.80"," 16.80"," 16.80"," 16.80"," 16.80"," 16.80"," 42000"," 7.06"," 1"," 42000"," 100.00"
SRPL," BE"," 20-Apr-2021"," 28.50"," 27.20"," 29.90"," 27.20"," 29.00"," 29.00"," 29.74"," 363"," 0.11"," 11"," -"," -"
SRTRANSFIN," Y9"," 20-Apr-2021"," 1093.48"," 1085.00"," 1094.00"," 1083.00"," 1088.10"," 1093.48"," 1088.23"," 352"," 3.83"," 9"," 331"," 94.03"
SRTRANSFIN," YB"," 20-Apr-2021"," 1013.00"," 1016.00"," 1016.00"," 1014.00"," 1016.00"," 1014.51"," 1014.56"," 245"," 2.49"," 10"," 245"," 100.00"
SRTRANSFIN," YH"," 20-Apr-2021"," 1024.00"," 1013.00"," 1013.00"," 1013.00"," 1013.00"," 1013.00"," 1013.00"," 60"," 0.61"," 1"," 60"," 100.00"
SRTRANSFIN," YJ"," 20-Apr-2021"," 1070.00"," 1069.00"," 1069.00"," 1069.00"," 1069.00"," 1069.00"," 1069.00"," 1"," 0.01"," 1"," 1"," 100.00"
SRTRANSFIN," YM"," 20-Apr-2021"," 1270.00"," 1272.00"," 1272.00"," 1271.50"," 1271.50"," 1271.50"," 1271.53"," 150"," 1.91"," 2"," 150"," 100.00"
SRTRANSFIN," YO"," 20-Apr-2021"," 1008.55"," 1008.60"," 1008.60"," 1008.55"," 1008.55"," 1008.55"," 1008.59"," 50"," 0.50"," 3"," 50"," 100.00"
SRTRANSFIN," YQ"," 20-Apr-2021"," 1050.00"," 1046.50"," 1046.50"," 1046.50"," 1046.50"," 1046.50"," 1046.50"," 1"," 0.01"," 1"," 1"," 100.00"
SRTRANSFIN," YS"," 20-Apr-2021"," 1085.00"," 1086.00"," 1086.00"," 1084.90"," 1085.00"," 1085.00"," 1085.46"," 315"," 3.42"," 5"," 315"," 100.00"
SRTRANSFIN," YV"," 20-Apr-2021"," 1020.00"," 1018.50"," 1019.00"," 1016.00"," 1019.00"," 1019.00"," 1016.90"," 246"," 2.50"," 7"," 246"," 100.00"
SRTRANSFIN," YW"," 20-Apr-2021"," 1060.50"," 1060.90"," 1060.90"," 1060.90"," 1060.90"," 1060.90"," 1060.90"," 123"," 1.30"," 2"," 123"," 100.00"
SRTRANSFIN," YX"," 20-Apr-2021"," 1018.93"," 1017.31"," 1017.31"," 1017.31"," 1017.31"," 1017.31"," 1017.31"," 50"," 0.51"," 1"," 50"," 100.00"
SRTRANSFIN," YY"," 20-Apr-2021"," 1080.00"," 1079.00"," 1079.00"," 1077.00"," 1077.00"," 1077.00"," 1077.31"," 96"," 1.03"," 4"," 96"," 100.00"
SRTRANSFIN," Z2"," 20-Apr-2021"," 1231.00"," 1231.00"," 1231.00"," 1231.00"," 1231.00"," 1231.00"," 1231.00"," 50"," 0.62"," 1"," 50"," 100.00"
SRTRANSFIN," Z3"," 20-Apr-2021"," 1040.00"," 995.26"," 995.26"," 995.25"," 995.25"," 995.25"," 995.25"," 30"," 0.30"," 2"," 30"," 100.00"
SRTRANSFIN," Z7"," 20-Apr-2021"," 1081.00"," 1082.00"," 1082.00"," 1082.00"," 1082.00"," 1082.00"," 1082.00"," 61"," 0.66"," 4"," 61"," 100.00"
SRTRANSFIN," Z8"," 20-Apr-2021"," 1074.00"," 1074.00"," 1074.11"," 1074.00"," 1074.11"," 1074.11"," 1074.04"," 44"," 0.47"," 3"," 44"," 100.00"
STEL," BE"," 20-Apr-2021"," 75.00"," 73.50"," 77.00"," 73.00"," 75.45"," 74.10"," 74.28"," 3661"," 2.72"," 65"," -"," -"
SUBCAPCITY," BE"," 20-Apr-2021"," 15.45"," 14.70"," 14.75"," 14.70"," 14.70"," 14.70"," 14.71"," 94"," 0.01"," 4"," -"," -"
SUMEETINDS," BE"," 20-Apr-2021"," 5.60"," 5.35"," 5.35"," 5.35"," 5.35"," 5.35"," 5.35"," 5042"," 0.27"," 28"," -"," -"
SURANASOL," BE"," 20-Apr-2021"," 8.65"," 8.55"," 8.80"," 8.25"," 8.55"," 8.65"," 8.45"," 17161"," 1.45"," 79"," -"," -"
SUULD," BE"," 20-Apr-2021"," 199.20"," 197.00"," 202.50"," 192.00"," 200.00"," 197.90"," 195.22"," 4900"," 9.57"," 71"," -"," -"
SVLL," SM"," 20-Apr-2021"," 94.50"," 99.00"," 99.00"," 99.00"," 99.00"," 99.00"," 99.00"," 1000"," 0.99"," 1"," 1000"," 100.00"
SYNCOM," BZ"," 20-Apr-2021"," 2.50"," 2.60"," 2.60"," 2.60"," 2.60"," 2.60"," 2.60"," 76089"," 1.98"," 99"," -"," -"
TANTIACONS," BZ"," 20-Apr-2021"," 4.05"," 4.25"," 4.25"," 4.25"," 4.25"," 4.25"," 4.25"," 940"," 0.04"," 4"," -"," -"
TATACAPHSG," N2"," 20-Apr-2021"," 1045.00"," 1040.00"," 1049.99"," 1040.00"," 1049.99"," 1049.99"," 1046.08"," 69"," 0.72"," 3"," 69"," 100.00"
TATACAPHSG," N4"," 20-Apr-2021"," 1062.00"," 1075.00"," 1075.00"," 1062.00"," 1062.00"," 1062.00"," 1073.38"," 40"," 0.43"," 2"," 40"," 100.00"
TATACAPHSG," NB"," 20-Apr-2021"," 1143.89"," 1143.89"," 1143.89"," 1143.89"," 1143.89"," 1143.89"," 1143.89"," 35"," 0.40"," 1"," 35"," 100.00"
TCFSL," NB"," 20-Apr-2021"," 1055.75"," 1058.00"," 1059.99"," 1057.50"," 1057.51"," 1057.51"," 1058.31"," 592"," 6.27"," 11"," 482"," 81.42"
TCFSL," ND"," 20-Apr-2021"," 1103.06"," 1108.00"," 1108.00"," 1100.12"," 1108.00"," 1107.43"," 1105.68"," 553"," 6.11"," 24"," 449"," 81.19"
TCFSL," NF"," 20-Apr-2021"," 1200.01"," 1203.00"," 1203.00"," 1203.00"," 1203.00"," 1203.00"," 1203.00"," 221"," 2.66"," 2"," 221"," 100.00"
TCFSL," NH"," 20-Apr-2021"," 1072.10"," 1072.20"," 1074.00"," 1072.20"," 1073.00"," 1073.61"," 1073.43"," 75"," 0.81"," 3"," 75"," 100.00"
TCFSL," NJ"," 20-Apr-2021"," 1096.50"," 1098.00"," 1100.00"," 1098.00"," 1100.00"," 1100.00"," 1098.35"," 121"," 1.33"," 3"," 121"," 100.00"
TCFSL," NL"," 20-Apr-2021"," 1132.05"," 1144.50"," 1144.50"," 1144.50"," 1144.50"," 1144.50"," 1144.50"," 40"," 0.46"," 2"," 40"," 100.00"
TECHIN," BE"," 20-Apr-2021"," 2.60"," 2.70"," 2.70"," 2.60"," 2.60"," 2.60"," 2.68"," 3287"," 0.09"," 14"," -"," -"
TEMBO," SM"," 20-Apr-2021"," 103.00"," 104.00"," 104.00"," 100.00"," 103.00"," 103.00"," 101.75"," 8000"," 8.14"," 4"," 6000"," 75.00"
TFL," BE"," 20-Apr-2021"," 2.25"," 2.30"," 2.30"," 2.30"," 2.30"," 2.30"," 2.30"," 572"," 0.01"," 3"," -"," -"
THEJO," SM"," 20-Apr-2021"," 2050.00"," 2129.00"," 2129.00"," 2050.00"," 2050.00"," 2050.00"," 2089.50"," 200"," 4.18"," 2"," 100"," 50.00"
THIRUSUGAR," BZ"," 20-Apr-2021"," 6.00"," 6.00"," 6.05"," 6.00"," 6.05"," 6.05"," 6.00"," 46"," 0.00"," 3"," -"," -"
THOMASCOTT," BE"," 20-Apr-2021"," 7.30"," 7.50"," 7.50"," 7.45"," 7.50"," 7.50"," 7.47"," 188"," 0.01"," 3"," -"," -"
TIJARIA," BE"," 20-Apr-2021"," 6.60"," 6.35"," 6.90"," 6.35"," 6.85"," 6.85"," 6.37"," 2991"," 0.19"," 16"," -"," -"
TIPSINDLTD," BE"," 20-Apr-2021"," 501.80"," 505.00"," 515.00"," 484.00"," 505.00"," 504.95"," 505.86"," 6099"," 30.85"," 169"," -"," -"
TNTELE," BE"," 20-Apr-2021"," 4.40"," 4.55"," 4.60"," 4.20"," 4.40"," 4.20"," 4.41"," 13991"," 0.62"," 55"," -"," -"
TOUCHWOOD," BE"," 20-Apr-2021"," 95.30"," 95.30"," 99.90"," 90.55"," 95.00"," 92.50"," 94.29"," 4170"," 3.93"," 45"," -"," -"
TTML," BE"," 20-Apr-2021"," 11.30"," 11.55"," 11.60"," 10.90"," 11.15"," 11.00"," 11.20"," 1479485"," 165.75"," 5713"," -"," -"
TVSELECT," BE"," 20-Apr-2021"," 124.30"," 127.75"," 127.75"," 122.50"," 122.50"," 122.95"," 124.33"," 11861"," 14.75"," 204"," -"," -"
TVVISION," BE"," 20-Apr-2021"," 2.20"," 2.10"," 2.10"," 2.10"," 2.10"," 2.10"," 2.10"," 84368"," 1.77"," 32"," -"," -"
UCL," SM"," 20-Apr-2021"," 36.00"," 34.00"," 34.00"," 34.00"," 34.00"," 34.00"," 34.00"," 2000"," 0.68"," 1"," 2000"," 100.00"
UJAAS," BE"," 20-Apr-2021"," 2.35"," 2.35"," 2.45"," 2.30"," 2.45"," 2.40"," 2.41"," 398666"," 9.60"," 438"," -"," -"
UMESLTD," BE"," 20-Apr-2021"," 3.20"," 3.10"," 3.35"," 3.05"," 3.30"," 3.05"," 3.09"," 20569"," 0.64"," 93"," -"," -"
UNITECH," BZ"," 20-Apr-2021"," 1.40"," 1.40"," 1.40"," 1.35"," 1.40"," 1.40"," 1.39"," 4349394"," 60.58"," 469"," -"," -"
UNITY," BZ"," 20-Apr-2021"," 0.90"," 0.90"," 0.90"," 0.85"," 0.85"," 0.85"," 0.85"," 35285"," 0.30"," 17"," -"," -"
UNIVASTU," BE"," 20-Apr-2021"," 37.90"," 36.50"," 37.85"," 36.50"," 37.80"," 37.80"," 36.93"," 708"," 0.26"," 9"," -"," -"
URJA," BE"," 20-Apr-2021"," 5.35"," 5.10"," 5.60"," 5.10"," 5.60"," 5.60"," 5.43"," 1686612"," 91.63"," 4660"," -"," -"
URJAPP," X1"," 20-Apr-2021"," 1.70"," 1.75"," 1.75"," 1.65"," 1.75"," 1.75"," 1.72"," 48870"," 0.84"," 81"," 44515"," 91.09"
UTTAMSTL," BE"," 20-Apr-2021"," 7.00"," 7.15"," 7.30"," 6.75"," 7.00"," 6.95"," 7.02"," 90137"," 6.33"," 124"," -"," -"
VAISHALI," BE"," 20-Apr-2021"," 35.45"," 34.90"," 37.20"," 34.90"," 36.00"," 36.70"," 36.94"," 73061"," 26.99"," 418"," -"," -"
VICEROY," BE"," 20-Apr-2021"," 2.05"," 1.95"," 2.05"," 1.95"," 2.00"," 2.00"," 1.97"," 56011"," 1.10"," 59"," -"," -"
VIDEOIND," BZ"," 20-Apr-2021"," 3.90"," 4.00"," 4.00"," 3.85"," 3.95"," 3.95"," 3.93"," 115107"," 4.52"," 220"," -"," -"
VIPCLOTHNG," BE"," 20-Apr-2021"," 12.35"," 11.90"," 12.60"," 11.75"," 11.95"," 11.95"," 12.06"," 43080"," 5.20"," 145"," -"," -"
VIPULLTD," BE"," 20-Apr-2021"," 29.00"," 28.40"," 29.45"," 28.25"," 28.50"," 28.50"," 28.87"," 3522"," 1.02"," 18"," -"," -"
VIVIDHA," BE"," 20-Apr-2021"," 0.70"," 0.75"," 0.75"," 0.65"," 0.70"," 0.70"," 0.70"," 787438"," 5.52"," 215"," -"," -"
VMARCIND," ST"," 20-Apr-2021"," 41.55"," 41.50"," 41.50"," 39.50"," 40.50"," 40.45"," 40.43"," 39000"," 15.77"," 12"," 33000"," 84.62"
VSCL," SM"," 20-Apr-2021"," 13.20"," 13.85"," 13.85"," 13.85"," 13.85"," 13.85"," 13.85"," 6000"," 0.83"," 2"," 6000"," 100.00"
WANBURY," BE"," 20-Apr-2021"," 95.10"," 97.50"," 99.65"," 90.55"," 97.00"," 96.00"," 95.99"," 68945"," 66.18"," 172"," -"," -"
WFL," SM"," 20-Apr-2021"," 67.00"," 63.80"," 63.80"," 63.80"," 63.80"," 63.80"," 63.80"," 1600"," 1.02"," 1"," 1600"," 100.00"
WSI," BE"," 20-Apr-2021"," 6.20"," 5.90"," 5.90"," 5.90"," 5.90"," 5.90"," 5.90"," 1"," 0.00"," 1"," -"," -"
XPROINDIA," BE"," 20-Apr-2021"," 106.70"," 112.00"," 112.00"," 112.00"," 112.00"," 112.00"," 112.00"," 10079"," 11.29"," 57"," -"," -"
ZEEL," P2"," 20-Apr-2021"," 1.90"," 1.90"," 1.95"," 1.90"," 1.90"," 1.90"," 1.95"," 28053"," 0.55"," 13"," 27853"," 99.29"
ZENITHSTL," BE"," 20-Apr-2021"," 0.75"," 0.80"," 0.80"," 0.75"," 0.80"," 0.75"," 0.78"," 59499"," 0.46"," 61"," -"," -"
ZUARIGLOB," BE"," 20-Apr-2021"," 77.65"," 76.10"," 79.85"," 76.10"," 77.00"," 77.00"," 78.00"," 13867"," 10.82"," 102"," -"," -"
